predicted,actual
रीलॏली,जयसवाल
गीऴी,बजाई
रीलॏलीली,संघठन
रीलीप,हैवान
रीलॏलीप,नीलगिरि
रॏलॏलॏलॏलीप,द्रुतग्रामी
रीलीली,झड़पों
रीलॏलील,नकरोंदा
गीऴू,ईईएसएल
गीली,बचता
गीऴी,वोडका
रॏलॏलॏलीप,क्रिस्टन
रॏलॏलॏलीली,गुआनाजुआटा
रीलील,शेरशी
रीलीली,मन्नाकी
रीलीप,जिम्मा
गीऴ,यूं
गीऴ,बेग
गीली,मारसी
गीऴ,पूस
रीलॏलीप,चार्मफुल
रीलॏलील,श्रीपेरू
रीलीली,रशियो
गीऴू,आईएचएफएल
रीलॏलीप,गणिनाथ
रीलॏलीप,बंदीकुई
रीलीली,लासाले
रीलीप,नामदान
रीलीली,डिकेन
रॏलॏलॏलीप,रीडिजाइन
रीलीप,होलोबोन
रीलीप,इलाकों
रॏलॏलॏलॏलॏलॏली,आश्चर्यजनक
गीलू,क्रूस
रीलीप,आप्शन
गीऴी,महल
रॏलॏलॏलॏलॏलॏलॏलॏली,रिकैपिटलाइजेशन
गीली,बोर्दो
रीलॏलीप,मनमाना
रीलीप,कागज़ों
रीली,पापा
रीलीली,जटवाड़ा
रीलीप,स्थिति
रीलॏलील,खानकर्मी
रॏलॏलॏलॏलॏलॏलॏली,उपमुख्यमंत्री
गीऴ,रोन
रॏलॏलॏलील,फेमिलीज
रीलीली,हकलाते
रॏलॏलॏलॏलॏलॏलॏली,नक्सलवादियों
रीलॏलीली,जटिलताओं
रॏलॏलॏलॏलॏलॏली,चिक्कमंगलूरू
रॏलॏलॏलॏली,अंतर्कलह
रीलॏलीली,सुरक्षित
रीलील,ब्लूटिक
गीली,घिसें
रीलॏलीप,लीप्ज़िग
रीलॏलीली,श्रवणजी
रीलॏलीप,पोधुंबू
रीलील,भद्रोल
गीऴू,मापे
रीलॏलील,कैदोपुर
रीलील,ट्यूनर
रीलॏलीली,द्रोपदी
रॏलॏलॏलॏलॏलॏली,सुपरकॉरिडोर
रीलील,सोचती
गीलू,तिरप
रीलॏलील,सियावश
रीली,रियान
रॏलॏलॏलॏलॏलॏलॏलील,निष्कर्षवायरल
गीऴ,ऐली
रीलीप,वर्ना
रीली,भरती
रॏलॏलॏलॏलॏली,लाचप्रकरण
रीलॏलीली,डगमगाने
रॏलॏलॏलीली,मुसोलिनी
गीऴी,मेंहा
रीलील,चेल्सी
गीली,मुड़ने
गीली,वेदर
गीऴ,क्षेम
रीलॏलीली,पक्षगार
गीली,जनाब
रीलॏलीप,कान्हाचक
रॏलॏलॏलील,स्तरीयता
रॏलॏलॏलील,अंतर्कलह
रीलीप,विनीत
रीलील,जनजीवन
रीलीली,प्रभास
रीलॏलीप,बायोएजेंट
गीऴू,क्लेन
रॏलॏलॏलीली,उपकरणों
रॏलॏलॏलॏलीप,झुंझलाहट
गीऴ,डीटीएच
रीलीप,मंजुल
रीलील,स्वीट्स
रॏलॏलॏलीप,प्रोड्यूसर
रीलीप,कांडला
रॏलॏलॏलॏलॏलॏलॏलील,गर्भावस्थामें
गीऴी,इकबाल
गी,आल
रॏलॏलॏलॏलील,परिषदें
रीलीली,डकलना
रीलीली,तलपडे
रॏलॏलॏलॏली,भूसंपत्ति
गी,एचईसी
गीऴ,वीनस
रॏलॏलॏलॏलीप,महाश्मशान
रीलॏलील,इस्तेमारी
रॏलॏलॏलॏलॏलॏलॏलॏलॏली,बुथाइलहाइड्रोक्युइनन
रॏलॏलॏलॏलीली,पर्यायांचा
रीलॏलीप,उर्वरक
रीलील,रामनाम
रीलॏलील,निवेशों
रॏलॏलॏलील,बद्धाघाट
रीली,सेट्ठी
रॏलॏलॏलीप,पड़ोसीपन
रीलीप,परण
रीलॏली,आवंटित
रीलील,अवरोही
रॏलॏलॏलॏलीप,विंद्रावती
रीलॏलील,बक्ट्रियन
रॏलॏलॏलील,करोलबाग
रीलॏली,जिराफ
रॏलॏलॏलीप,बॉटानिकल
रीलीप,सेविंग
गीऴ,ज़ोया
रीलॏलीप,कदमताल
गीऴू,बाईक
रीलील,बबीना
रॏलॏलॏलॏलॏली,विश्लेषणों
रीलीप,जोखिमों
रॏलॏलॏलील,अनुप्रयोग
रीलीप,आइटमों
रीलीली,अनुवाद
रॏलॏलॏलॏलॏली,प्रसंस्कृत
रॏलॏलॏलीप,क्रिकबज़
रीलॏली,मौद्रिक
रॏलॏलॏलीली,फेलोपिन
रीलॏलीली,निभाकर
गीऴी,चौबे
रीलॏलीप,परछाई
रीलॏलीप,अनादरण
गीऴू,लती
रॏलॏलॏलॏलील,रेवोल्यूशन
रॏलॏलॏलॏलील,चमत्कारीय
रीलॏलीप,दिमागों
रीलील,बैचेन
रीलॏलीप,पहुंचना
रीलीप,आहिस्ते
रॏलॏलॏलॏलॏलॏलॏली,विद्युतीयकरण
गीऴी,लाडेन
रॏलॏलॏलीली,कड़कड़डूमा
रीलील,भिलाला
गी,जोड़
रॏलॏलॏलॏलॏलॏलील,राष्ट्रीयकृत
गीऴी,कटहल
रीलीप,मानेगा
रीलॏलील,कल्कत्ता
गीऴी,जागने
रीलीप,डोमेन
रॏलॏलॏलॏली,मुख्तार
रॏलॏलॏलॏलॏली,घुसपैठियों
रॏलॏलॏलॏलील,उपलब्धियां
रॏलॏलॏलॏलॏली,डकैतीरोधी
रीलीली,ग्रज्जन
रीलॏलील,रहनुमाई
गीऴू,डिएगो
गीली,विन्नी
रॏलॏलॏलॏली,पहुंचाती
रीलॏलीली,जीवविष
गीऴ,वॉन
रीलॏलील,शांभवी
रॏलॏलॏलीप,विनोदभाई
गीऴ,सीएफए
रीलीली,बधिया
गीऴी,वास्वी
गीऴी,मखी
गीऴी,पीस
रीलीप,विकल्प
रीलीली,छाजूसर
रीलॏली,चुनौति
रॏलॏलॏलीप,प्रिंसली
रॏलॏलॏलॏलॏलीप,घुसपैठियों
रीलीप,मैया
रीलॏलीली,बसरखेत
रीलॏलीप,नज़राना
गीली,खतों
रीलॏलीली,शशिवाला
गीली,टट्टी
गीऴी,माडल
रीलॏली,विपरीत
रीलीली,हवाएं
गीली,गरीब
गीऴी,लैवी
रीलीप,गूजरी
रीलॏलील,बिरहोरों
रॏलॏलॏलॏलॏलॏलील,टायरपंक्चर
रीलीली,महाशय
रीलील,खिलकर
रॏलॏलॏलॏलॏलीप,बाईफ्रिकेशन
रीलील,वॉल्टर
रीलील,कुब्रा
रीलीली,बच्चन
रीली,सुनीता
रॏलॏलॏलीली,समाधानों
रॏलॏलॏलील,यारशातिर
रीलॏलील,मोरक्कन
गीलू,रूटे
गीली,तात्या
रॏलॏलॏलॏली,सरंचना
रीलीली,श्मशान
गीऴू,चारो
गीली,डाबर
रीलीप,बुनाकू
रीलीप,मैंटल
रॏलॏलॏलील,शिक्षेरन
रीलॏलीप,माॅरिशस
गीऴ,अटक
गीऴी,नासिब
गीली,सिसरी
गीलू,कर्ट
रीलील,छलैक
गीऴी,एल्विन
रीलीली,सरलसा
रीलील,घूमती
रीलीप,आगणन
रीलील,परदेस
रॏलॏलॏलॏलॏली,पावलिकोव्स्की
रॏलॏलॏलील,मैग्नेट्रॉन
रीलील,जुनशान
गीऴू,हवाओ
गीऴी,जड़ी
रीलॏलीली,दरवाजा
गीऴू,दंत
रॏलॏलॏलॏलॏलीप,बिरसिंहपुर
गीऴी,अम्दुल
गीऴी,भीर
गीऴी,दुबई
रीलॏलीप,क्वारटेट
रीलीली,गंदलाल
रीलॏलीप,इख्तियार
रॏलॏलॏलॏलीप,निवारणीय
रीलॏलीली,वंशवादी
रीलील,मापता
रॏलॏलॏलॏलॏलॏलॏलील,सक्सेसफ़ुलमैच
रीलील,छप्पन
रीलॏली,मौद्रिक
रीलील,पेटनीस
रीलीप,मनहूस
रीलीप,मारते
रॏलॏलॏलीप,पंक्तियों
रीलॏली,खरसिया
रॏलॏलॏलीप,रंगरूप
रीलीली,ललकारे
रॏलॏलॏलॏलॏली,यशवर्धन
रॏलॏलॏलॏलॏलॏलॏली,सिनेमॉटोग्राफी
रॏलॏलॏलीप,शराबियों
रॏलॏलॏलॏलीप,मैकलॉक्लिन
रीलीप,धंधा
रीलॏली,मारोसन
रीलीप,लेडीज़
रॏलॏलॏलॏलीप,डिस्कॉर्सेज
रीलीली,स्वरुप
रीलील,नामरूप
रीलॏलील,सिरोखर
गीऴी,लाते
रीलीप,ओशिकाई
रीलॏलील,कुंदरन
रीलीली,भूखों
रीली,अवरोही
गीऴ,शेन
रीलील,भालवाल
रीलीली,गुंफन
रीलीली,सकेंगी
गीऴी,एथन
रॏलॏलॏलॏलीप,आंखोंसाझा
गीऴी,दाली
रीलॏलीप,रहनुमाई
गीऴ,भेज
रीलीप,अरगला
गीऴी,बैंच
रीलॏलील,खड्डियां
रॏलॏलॏलॏलॏलॏली,पुनरावलोकन
रीलॏलीप,ढूंढें
गीऴी,म्हारी
रॏलॏलॏलॏलॏलॏलील,संभवानाएँ
रीलॏली,ट्यूनीसिया
रीलीप,वांचू
गीऴी,आईसीसीएए
रीलॏली,पेटीकोट
रीलॏलीली,जाफरपुर
रीलीली,इकबालिया
रीलीप,हरभाल
रीलॏलीप,बालिघाट
रॏलॏलॏलील,एस्ट्रोडोम
रीली,विद्या
गीली,सहपाल
रीलॏली,इनसाइट्स
गीऴू,वाइस
गीऴू,कुरू
रीलॏलीली,हर्षदचे
रीलीली,देऊसकर
गीऴी,ट्यून
गीऴी,टेब्स
गीऴ,नवीं
रीलॏली,रूधिर
गीऴू,हटने
रॏलॏलॏलॏलॏली,डेयरडेविलस
गीली,नारद
रीलॏली,रामायण
रॏलॏलॏलील,वार्फरीन
रीलीप,केमियो
रॏलॏलॏलीली,मकरमपुर
रीलॏलीप,अहमदगंज
रॏलॏलॏलॏलील,संयोजकता
रॏलॏलॏलील,बुलडोजर
रॏलॏलॏलीप,पंक्चर
रॏलॏलॏलॏलीप,अस्पृश्यता
रीलीप,बधिया
रीलॏलीप,दमयंती
रीलीली,राजबाग
रॏलॏलॏलॏलॏली,स्लाइडरशेयर
गीऴी,जयन
गीऴू,एलेक्स
रीलॏलीप,सेरडांग
रॏलॏलॏलीप,फैलाएं
गीऴी,जियान
रीलील,कंचों
गीऴी,पटक
रॏलॏलॏलीली,खलनायकों
रीलील,डिंग्री
रीली,कुशन
रॏलॏलॏलॏलीप,जिमींदारों
रॏलॏलॏलीली,नवासियों
रीलॏलील,डाउनलोड
रॏलॏलॏलॏलील,वासकुनलाहटी
रीलॏलीली,करवानै
रीलॏलील,कुकुनूर
रीलील,पैथान
गीऴी,कालन
गीली,दूसरी
गीऴी,जायल
रीलॏलीली,औषधालय
रीलीप,एलाइड
गीली,एल्विन
गीऴ,भार
गीऴ,धुत
रीलीली,जनसंघ
रॏलॏलॏलीली,आधुनिकता
रीलॏलीली,विचारने
रीलीप,कुशन
रॏलॏलॏलील,संचालन
गीऴ,बेग
गीऴ,जुट
गीऴू,बीसीबीएस
रीलॏलीली,संघठन
रीलॏलीप,फिंकवाई
रीलीप,दहला
गीऴी,सैको
रीलॏलीप,मधुवन
रॏलॏलॏलॏलॏलॏली,प्रतिनिधिगण
रॏलॏलॏलॏलॏलॏली,कीमोथैरेपीज
रॏलॏलॏलीप,सल्फूरिक
गीऴी,सुबह
रीलील,प्रमोद
रीलील,मैत्रा
रीलॏलील,बुलियन्स
गीऴ,केस
गीऴी,जड़ों
रीलॏलीप,प्रमिला
रीलॏलील,कैरोलिन
रॏलॏलॏलॏलॏली,त्रिभाषायी
गीऴू,स्लैम
रीलील,पोसालिया
रॏलॏलॏलॏलीप,जनोपयोगी
रीलील,बरेठा
रीलीली,जननेता
रीलीली,टाइटन
रीलीप,तेंदू
गीली,पियर
रॏलॏलॏलॏलीप,झिजवूनही
रीली,आगणन
रीलॏलीप,पूछना
रॏलॏलॏलॏलॏलॏली,दशभूमीश्वर
रीलॏलील,कृतित्व
रीलीप,पोस्टेड
रॏलॏलॏलॏलॏलॏली,नक्सलवादियों
रीलीप,घूंसे
रॏलॏलॏलीप,स्नाइपर
रीलील,कुरोदा
रीलीप,भूखा
रीलॏलीप,थलचाना
रीलीली,टकराता
रॏलॏलॏलॏलॏलॏली,परविंदरपाल
गीऴी,लेबिल
रॏलॏलॏलॏलॏलील,प्रोग्रेसिव
रीलीली,उछलने
गीली,सरस
रीलॏलीली,स्वभावों
गी,कब
रीलॏलीप,नेटवेस्ट
रॏलॏलॏलॏलील,ब्राइड्समेड
रॏलॏलॏलीप,फिल्डर्स
रीलीप,बास्पित
रीलीली,वेदियां
रॏलॏलॏलॏलॏलीप,ब्रिकफील्ड्स
रॏलॏलॏलॏलॏलॏली,संक्रमणातून
गीऴ,काला
रीली,मंहगा
गीली,जौहर
रॏलॏलॏलॏलॏली,द्योगपतियों
रीलील,इसरार
रीलीली,दिलजले
गी,च
रीलीली,तौलिए
गीऴी,उधम
रॏलॏलॏलीप,मनोनयन
रीलॏलील,बेमिसाल
गीऴू,जीसैट
रॏलॏलॏलॏलीली,निवासासमोर
रीली,सजीला
गीऴ,ड्राई
गीऴू,बीजेपीके
गीली,सराह
रीलीली,आगरकर
रॏलॏलॏलॏलील,इंडस्ट्रीयल
रॏलॏलॏलॏलॏलीप,प्रतिक्रमण
रीलीली,कोरोकने
रीलील,उद्घोष
रीलीप,बोनिडी
गीऴी,घोलते
रॏलॏलॏलॏलॏलॏली,उपनिषदादि
रॏलॏलॏलॏलॏलॏलॏलॏली,प्रतिस्पर्धाएं
गीऴी,अल्हाहा
रीलीली,शराबी
रॏलॏलॏलीप,चिंताजनक
रीली,बागों
रीलीप,ख़्वाजा
रॏलॏलॏलॏली,परिषदें
रीलील,उर्वरा
रॏलॏलॏलॏलॏली,उपभोक्तावादी
रॏलॏलॏलील,तर्कवादी
रॏलॏलॏलॏलॏलॏलॏली,डिस्क्रीमनेशन
रीली,जुड़ते
गीऴू,देते
गीऴू,हेवन
रीलीप,कोरोनो
गीऴी,एलाइड
गीली,चहते
रॏलॏलॏलॏलॏलॏली,प्रपौत्रियों
रीलॏलील,मंजीरे
गीली,सूतक
रीलॏलीप,विधिज्ञ
रॏलॏलॏलॏलील,नॉर्मलाइज्ड
गीऴी,बक्स
रीलॏली,उपमन्यु
गीऴू,तारे
रीलील,ईएसपीएनएफसी
रीलील,पहलवी
रीली,हेल्मेट
रॏलॏलॏलॏलीप,भूसंपत्ति
रॏलॏलॏलॏलॏलॏलीप,बायोजीयोकेमिकल
रीली,देघाट
रॏलॏलॏलॏलॏलील,कोठियालमधु
रीऴी,आमादा
रॏलॏलॏलॏलॏलॏलील,अस्त्राखानत्सेवा
रीलॏलीप,उपकरण
रीलॏलीली,तालाबंद
रीलॏलील,मछुआरा
रॏलॏलॏलील,गुरचरण
रीलील,रईसों
गीऴी,दलेल
गीली,इकट्ठी
रीलील,जंजीर
रीलीप,इलाकों
गीऴी,छुपी
रीलील,प्रीस्ट
रॏलॏलॏलॏलॏलॏली,समझौताविहीन
रॏलॏलॏलीप,स्वामियों
रीलॏलीप,बिताया
रीलीली,भावनाएं
रीलॏलील,खुशियों
गीऴी,नेढे
रॏलॏलॏलीप,स्विच्ड
रीलॏलील,हीराचंद
रॏलॏलॏलीली,प्रभावना
रॏलॏलॏलीप,मिसालें
रीलीप,उन्नीस
रीलॏलील,पिलाकर
गीऴ,फेम
रीलीप,मनाया
रीलॏलील,अवश्यकता
रीलील,भुगतना
रॏलॏलॏलॏली,फैलवाने
रीलीप,नामों
रॏलॏलॏलॏलीप,श्रीमूलार्क
रॏलॏलॏलॏलीप,खोदावयाचे
रीलॏलील,पेनालिस्ट
रीलॏलील,मोरक्कन
रीलॏलीप,आशंकाओं
रीलील,अंधेरे
रॏलॏलॏलॏलील,शुभारंभ
रीलॏलीली,स्क्वॉटिंग
रीलीप,पिक्सेल
गीऴू,जैहो
रॏलॏलॏलॏलॏलॏलॏली,मुख्यमंत्रित्व
गीऴी,माउथ
रीलॏलीप,गर्भिणी
रीलीप,बढ़ानी
रॏलॏलॏलॏलॏली,एरिगेशन
रीलील,भूलते
रीलॏली,बेसिनों
रीलीली,इचाइची
रीलील,बलहीन
रीलॏलीप,सौहार्द
रॏलॏलॏलीप,चंदसराय
रीलीली,यासाची
रीलीली,परवान
रॏलॏलॏलॏली,लंगड़ाकर
रीलीली,असंख्य
रीलॏलीप,अखबारों
रीलील,रिसाला
रॏलॏलॏलीप,कालोनियां
रीलॏलीप,अनुवादित
रीलॏलीप,जंजीरें
रीलील,शुरुवात
रॏलॏलॏलील,क्षतस्थल
रीलॏलील,ओवरसीज
रीलीप,बुलियन
रीली,फरना
गीली,राज्य
रीलीप,बिन्तुल
रॏलॏलॏलीप,बुंदियाँ
गीऴू,डोसा
रॏलॏलॏलील,फ्रिडमैन
रीली,बीकन
रॏलॏलॏलॏलील,सहसंस्थापक
रीलॏली,रूकावट
रीलीली,चलाकी
रॏलॏलॏलॏलॏली,नारायणसामी
रॏलॏलॏलॏलॏलॏलीप,रुढिवादियों
गीऴू,रने
रीलीली,इतालवी
रीलॏलील,दिनाजपुर
गीलील,उल्लेख
रीलॏलीली,दस्तावेजी
रीली,स्ट्रीप
रीलीली,पुष्कर
रीलॏली,मुअय्युन
गीली,सेटों
गीऴी,कुल्ले
रॏलॏलॏलॏलॏलॏलॏलॏली,विद्यार्थ्यांचेच
रीलॏलीली,स्वरोस्की
रीलीली,मेवाड़ी
ग्ऴू,बॉयल
रीली,बॉथम
गीऴू,बुल्स
रॏलॏलॏलॏली,चिंताजनक
रीलीप,तल्लीन
रीलॏलीली,रिहायशी
रॏलॏलॏलॏलॏलील,त्रिपुरांतक
रॏलॏलॏलील,प्रवृत्त
रीलील,लोटपोट
रीलॏलीप,मनोनयन
रीलील,तेतारी
रीलीप,विद्या
रीलॏलील,लोगोमें
गीली,करै
रॏलॏलॏलॏलीप,हिल्सविंटर
रॏलॏलॏलॏली,स्कॉटियाबैंक
रॏलॏलॏलॏलीली,धुंधलापन
रॏलॏलॏलॏलॏलॏली,सप्रेसैंट्स
गीऴी,भूखा
रीलीली,मेहमूद
गीली,एलेक्सी
गीली,एद्रेई
रीली,भुगती
गीली,तेलीय
रीलीप,कैमिलो
रीलीली,दुकानें
रीलील,क्रांति
रीलॏली,नौरोजी
गीऴी,सालेह
रॏलॏलॏलॏलीप,कार्डिनलों
रीलील,बताशा
रॏलॏलॏलॏलॏलील,सांप्रदायिक
रुलॏलीली,सेमिनरी
रॏलॏलॏलॏली,अद्रिधरण
गीऴी,अलगाव
गीली,तुक्का
रीली,जताने
रीलील,स्ट्रोक
रॏलॏलॏलॏलील,सीतरामपुर
रीलील,चार्जर
रीलीली,अंतरालों
रॏलॏलॏलॏलॏली,कुटुंबकम्
रॏलॏलॏलॏलॏलील,मार्गादरम्यान
रीलॏलील,फलदायक
रॏलॏलॏलॏली,चंदनगिरि
रीलॏली,अप्रियम्
रीलील,लुथ्रा
गीऴ,दाल
रॏलॏलॏलील,तेदूखेड़ा
रीलीली,फैलता
रॏलॏलॏलील,कलछियां
रीलील,शासकीय
रीलॏलील,ढीलापन
रीलीली,दरवाजा
रॏलॏलॏलॏलॏलील,सहसंस्थापक
गीली,कतला
गीऴी,टोकन
रॏलॏलॏलॏलीप,गुनगुनाते
रॏलॏलॏलॏलॏलॏली,भूगर्भविद्या
रीलील,संप्रग
रॏलॏलॏलीप,ट्रायसिकल
रीलीली,मातंग
रॏलॏलॏलॏलॏली,प्रसंस्कृत
रीलीप,जूविटा
गीलू,वृत्त
रॏलॏलॏलील,सभ्यताओं
रीलीली,बरघाट
रीलीली,दुश्मक
ग्ऴ,आफ़
गीली,प्रति
गीऴ,आईपीवी
रीलीप,झडने
गीली,टाइटन
रीलीप,हकलाते
गीली,एससीसीएमपी
रीलॏली,नजरिए
रॏलॏलॏलील,डोरोशिना
रॏलॏलॏलील,पारसनाथ
रीलील,कालका
रीलील,प्लाझ्मा
रीलीली,हत्याएं
रीली,बदामी
रॏलॏलॏलील,कर्णफूल
रॏलॏलॏलॏलॏलॏलॏली,परिवर्तनशील
रॏलॏलॏलॏलॏलॏलॏली,मधुरिमाराजेही
रॏलॏलॏलीप,जन्ममें
रॏलॏलॏलॏलॏलीप,निपटाएंगी
रीलीली,सरेआम
रीलीप,बच्चों
रॏलॏलॏलॏलील,अक्षरशः
रीलॏली,खेतियों
रीलॏलील,इख्तियार
रॏलॏलॏलील,कैरेक्टर्स
रीलीप,टाइमिंग
रीली,सीधा
गीली,कर्व
रॏलॏलॏलॏलीप,बालाचंदर
ग्लू,उलटी
गीऴ,हॉप्स
गीऴू,उर्से
रॏलॏलॏलील,यूरोसंघ
गीऴी,शमून
रॏलॏलॏलॏलॏली,चौबाराजागीर
रॏलॏलॏलॏलॏली,मिस्बाहउद्दीन
रीलीप,आर्चर
रीली,सालाना
रीलीप,पापुनी
रॏलॏलॏलीली,गोरखटीला
गीली,आभारी
रीली,बालाओं
रीलॏलील,रघुकुल
रीलॏलीप,सैबोटेज
रीलीप,नवतेज
रीलॏलील,कक्षाएं
रीलॏली,कैथकार्ट
रीलॏलीप,निधौला
रीलील,लशिका
रीली,पूछना
गीली,सिंह
रॏलॏलॏलीप,परनाना
गीऴी,हसीन
रीलील,सुवर्ण
रीलीली,बनियान
गीऴू,तले
रॏलॏलॏलीली,व्याख्याकार
गीऴी,कपोल
गीऴू,दीन
रॏलॏलॏलील,नरंकारी
गी,अजा
रीलील,घूमते
रीलॏलीप,लखनवी
रॏलॏलॏलॏलॏली,शायरीचिराग
रीलीली,अंशबाख
रीलील,फेंकने
रॏलॏलॏलीप,निरुपमा
रॏलॏलॏलॏलील,वेवराइडर्स
रॏलॏलॏलॏलॏलॏलॏलॏलॏली,मनोविश्लेष्णात्मक
रॏलॏलॏलॏली,कमज़ोरियों
रीलील,चिन्वर
रीलीप,जामवाल
गीली,द्वेश
रीलील,व्यूअर
गीली,उलुपी
रीलीप,मुखों
गीऴी,छुपी
रीलॏलीप,स्वर्णकाल
रीलॏलील,सुधर्मा
गीऴू,अलीम
रीलॏलीप,स्पटनिक
रीलीली,दस्ताने
रीलॏलीप,तूमड़ा
रीलीली,बांटते
रीलॏलीली,होटलबाज़ी
रीलॏलीप,छतिवाल
गीऴ,पीसीआर
रॏलॏलॏलीप,बाल्मीकिने
गीली,बाबरी
गीऴी,जया
रीलॏलीप,मंत्रों
रीली,अस्ताना
रॏलॏलॏलॏली,सैल्फियां
गीऴी,छिड़ी
गीऴू,मीट
रॏलॏलॏलॏलॏलीप,अलगाववाद
गीऴी,साह्य
रीलॏलीप,आजादगंज
रुलॏलील,फुर्तीली
गीली,बैचेन
रीलीली,चैसिंस
रीली,धूम्र
रीलीली,मगवाने
रीलील,म्हणते
रीलॏली,स्टैंडबाय
गीऴी,इमेज
रॏलॏलॏलॏलॏलीप,कायद्यातही
रॏलॏलॏलॏलॏली,नेचुरोपैथी
रॏलॏलॏलॏली,कमज़ोरियां
रॏलॏलॏलॏलीप,अनुभवहीन
रीलॏलील,रईसों
रॏलॏलॏलील,अनुभवहीन
गीऴ,आऊ
रीलीप,कागज़ी
रीलॏली,वांचू
रीलीली,धारकों
रीलीप,फैटमैन
रॏलॏलॏलॏलॏलॏली,साइकोथेरपी
गीली,आर्यन
गीऴू,चीता
रुलॏलील,पोसिट्रन
रीलॏलीप,दफनाई
गीऴी,छिड़ा
रीलील,रपटों
रीलॏलीप,ढूंढते
रीलॏलील,एकरमैन
गीऴी,बिष्ट
गीऴी,ऐली
रीलीप,मोड़ने
रॏलॏलॏलॏलॏलॏली,उपमुख्यमंत्री
रीलॏलील,औरदोषी
गी,हॉप
गीली,अवर्ण
रीलॏलील,रखोगे
रीलॏलीप,बेलासदा
रॏलॏलॏलॏलील,रिपेलेंट्स
रॏलॏलॏलॏलॏलीप,घुसपैठियों
रीलीली,मसालों
गीऴी,कॉमेट
रीलील,कसमें
रीलॏलीप,फिंगर्स
रॏलॏलॏलॏलॏली,तपासानंतर
रॏलॏलॏलॏलॏलॏलॏली,योग्यताधारियों
रीलीली,लकीरें
रॏलॏलॏलॏलॏलॏलॏलील,आवश्यकताबोधक
रीलॏलील,स्वतंत्र
गीली,अंबर
रीलीप,बघात
गीऴी,आसमा
रॏलॏलॏलॏलॏली,देशाधिकारी
रीलीप,मुनाफे
गीऴी,भाग्य
रॏलॏलॏलॏली,पहुंचाएं
गीऴ,बैहर
रीलीली,मंजिली
रीलॏली,देवकुंड
रीलॏलील,चातुर्मास
रीलीली,कुछबोल
रीलॏलीप,मिटाना
रॏलॏलॏलील,दरियापुर
रीलॏलीप,मंगवाना
रॏलॏलॏलॏलॏलॏली,मत्सालयाच्या
रीलील,मोड़कर
गीऴी,छाए
गीऴी,ऑस्कर
रीली,बबिता
रीलीली,भरता
रॏलॏलॏलील,जटिलताओं
रॏलॏलॏलीप,गणराज्यों
रीलॏली,एल्फाबेट
रॏलॏलॏलॏली,सुनाएँगे
रीलॏलीली,निखारा
रीलॏलीली,पचरंगा
रॏलॏलॏलीली,मसूरी
रॏलॏलॏलॏलॏलीप,रेवोल्यूशन
रॏलॏलॏलीली,चायबब्बल
रीलॏलीप,तापमान
गी,यूपी
रॏलॏलॏलॏलील,मूलवासियों
रीली,धरने
गीऴी,झेलते
रीलील,चार्टर
रीली,बॉथम
रॏलॏलॏलीप,त्रिनबागो
गीली,मोलर
रीलील,ब्रैडली
रीलीली,दीनताओ
रीलीली,जागोजागी
गीली,अंबर
रीलीली,दशांश
गीऴी,ओजोन
रॏलॏलॏलॏलॏलील,पोलारिमेट्रिक
रीली,ममता
रॏलॏलॏलॏलीप,व्यंकटेश
रीलील,गौनाहा
रॏलॏलॏलॏलील,जलराशियां
गीऴ,अगर
रॏलॏलॏलीप,रेडियोमिक
रीलीली,उदयराज
रीलीली,रिफिल
रॏलॏलॏलील,मेव्याच्या
गीली,साहबों
गीऴ,पीपीपी
रॏलॏलॏलॏलॏलॏली,फार्मासिटिकल
रीलील,आयोजिक
रीलॏलीप,ओंडाटेजे
रीलीप,बुम्बल
रॏलॏलॏलॏलॏलॏली,क्षेत्रांसाठी
रीलॏलीप,रीडिंग
रीलॏली,छवियों
गीली,रॉयस
रीलील,स्पॉटेड
रॏलॏलॏलॏली,पंचांगों
गीली,परण
रीलॏलीप,कबूतर
रीलॏलील,अंग्रेजों
रीलॏलीली,सिमरिया
रीलीप,सिंकते
रीलीली,थर्मल
रीलॏलील,वर्णवाल
रीलील,तेजपुर
गीली,पैंठ
रॏलॏलॏलॏलीप,सलाहकारों
रीलीप,बस्तर
रॏलॏलॏलॏली,पॉकेटसफर
रीलील,आशाशाह
रीलीली,कपोलों
रीलॏलील,चोरियां
गीली,फीका
गीऴी,वॉयस
रॏलॏलॏलॏली,रात्रिभोज
गीऴू,करा
रॏलॏलॏलीली,झुंझलाहट
रीलीली,फंडाला
गीऴू,डिले
रॏलॏलॏलील,पुष्पापुर
रॏलॏलॏलॏलीप,पांडुरंगी
रुलॏलीली,क्लिंगटन
रीलॏलील,महासगर
गी,ला
रीलॏली,जंजीर
गीऴी,पहुत
गीऴ,पीईटी
रीलीप,मद्दे
रीलॏलीली,बड़बड़ाई
रीलील,ऑब्जेक्ट्स
रीलीप,एमिली
गीऴू,केडीएसपी
रॏलॏलॏलॏली,मागविल्याने
रॏलॏलॏलील,दत्तात्रेय
रीलॏलीली,मेजबानों
रीलॏलील,कुरुवाई
रीलॏलीप,हमीरपुर
रीलॏलीप,प्रॉसेस
रॏलॏलॏलील,प्राविधिक
रीलॏलीप,जावड़ेकर
गीऴू,उम्र
रॏलॏलॏलॏलील,माॅरिशस
रीलॏलीली,सुधरने
रॏलॏलॏलॏलॏलॏलॏलील,शिल्पाशेट्टीलाइव
रीलॏलील,अवास्तविक
रीली,कागज़ी
गीऴू,कॉन्ग
रॏलॏलॏलॏलॏलॏलील,श्रीरामप्रभु
रीलॏलील,तर्कवादी
रॏलॏलॏलॏलॏलील,प्रभावशीली
रीलील,अनुश्का
रॏलॏलॏलॏलॏलॏली,रिलेशनशिप
रॏलॏलॏलील,इरीट्रिया
रॏलॏलॏलॏलॏली,राष्ट्रसंत
रॏलॏलॏलॏलॏली,अस्पृश्यता
रीलॏलीली,वंशवादी
रीलॏली,चोरियों
रीलील,मंहगा
रीलील,नरिता
रॏलॏलॏलॏलॏलील,क्षात्रवृत्ति
रॏलॏलॏलीली,उपसाधने
रीलीली,नाबालिग
रॏलॏलॏलॏलॏलील,कुप्रबंधन
गीली,बर्रे
रीलीली,डोनोवैन
गीली,बैहर
रॏलॏलॏलॏलॏलॏलील,राज्यसिंहासन
रॏलॏलॏलील,पलगोमारा
गीली,कीकर
रीलीप,बोस्टन
रीलील,रेजिंग
रॏलॏलॏलॏलॏलील,बाज़ारोन्मुख
रीलीली,दहन्दम
गीऴी,ओवैस
रॏलॏलॏलॏलील,मातापशुओं
रॏलॏलॏलीप,दर्जनिया
रीलील,पहनाना
रीलीली,पिछड़ी
रॏलॏलॏलॏलॏलीप,नवरंगपुरा
रीलॏलीप,सेमरूष
रीलीप,सिपेज
गीली,डिंक्स
रीलीली,सोमैया
रीलॏलीली,फैलाकर
रॏलॏलॏलॏलील,रूग्णासाठी
रॏलॏलॏलॏली,मँगवाऊँ
रीली,थामने
रीलीप,कोस्टार
रीलॏलीली,दिकवल्ले
गी,ओस
रीलॏलील,महादेशीय
रीलीली,पॉपलैंड
रीलील,वर्षा
रीलॏलीप,बेइमानी
रीलीली,वेस्टर
रीली,विदाही
रीलीप,गैछे
रीलॏली,क्षमाशील
गीऴी,जबरो
रीलील,रोबर्ट
रीलॏलीली,केनिहारक
रीलीप,अरामको
गीऴी,बागी
रीलीप,गालाए
रीलील,रेसर
रॏलॏलॏलॏलॏली,लोहारनपुरवा
गीऴी,बेतूल
रीलॏली,तंत्रिकीय
रीलॏलीप,प्रोमोट
रीलीप,बस्तर
रॏलॏलॏलॏलॏलॏली,प्रतिक्रमण
रीलीप,सुंघी
गीली,नाची
गीऴू,हवस
गीऴू,बैल
गीली,भूर्त
रीलॏलीली,मालिकाना
रीलॏलील,ड्यूरीज
रीलीप,नगीना
रॏलॏलॏलॏलॏलील,रुपयेनिवेश
गीऴू,क़ाज़ी
गीऴू,जागो
रीलॏलील,ईश्वरला
गीली,रोपड़
रीलॏलीली,प्रेक्षक
गी,आईओसी
रीलील,तारकोल
रॏलॏलॏलील,विषवल्ली
रॏलॏलॏलॏलॏलील,प्रतिनिधित्व
गीऴी,ईगल
रीली,बैली
रीलॏलीप,नौटंकी
रॏलॏलॏलॏलील,कुसंस्कारों
रीलॏलील,आलिशान
गीऴी,सीहोर
रीली,तुमने
रॏलॏलॏलॏली,कपूगेदारा
रीलील,जोड़ियां
रॏलॏलॏलील,ब्लूटूथ
रीलॏलील,लाइटमैन
ग्ली,कोंबो
रीलीली,दुबारा
रॏलॏलॏलील,वानपर्थी
गीऴी,झडने
रीलीली,सकोलिया
रॏलॏलॏलील,सुलतानों
गीली,ख़्वाजा
रीलीप,पाएगा
रीलॏलीप,नाविकों
गीली,रेट्स
गीऴ,एमटीएस
रॏलॏलॏलॏलॏली,इनक्लिनेशन
गीऴी,जाहिदा
गीऴू,गेल
गीली,कहें
रीलीली,समाधि
रीलॏलीप,स्टार्टअप
रीलॏली,सुलतान
रॏलॏलॏलॏलीप,पाञ्चजन्य
रॏलॏलॏलीली,मिलजुलकर
रीलीप,मेहमूद
गीऴू,होजरी
रीलॏलील,दत्ताराम
रॏलॏलॏली,प्लोरेंस
रॏलॏलॏलॏलॏली,क्रिप्टोलॉजी
रीलील,बरेसी
रीलॏलीप,क्रोमेट
रीलील,बेरासी
रीलॏलीप,शेरमैन
गीऴ,अवीव
रीलीली,पंजाबी
रीलील,स्टैटिक
रॏलॏलॏलॏलीप,विचारांची
रॏलॏलॏलील,जंजीरों
गीऴ,डीसीटी
रीलॏली,दिलमानी
रॏलॏलॏलॏलील,ब्रजभूषण
गीऴी,मैंने
रीलॏलीप,उपस्थित
गीली,केंटे
रॏलॏलॏलॏलील,क्षेत्रांवर
रॏलॏलॏलॏलॏलील,पूर्वोत्ततर
रीलीप,यूनाईटेड
रॏलॏलॏलीप,मूलभूत
रॏलॏलॏलीप,रंगोंसे
रीलीली,दिलाया
रीलीप,लोकपाल
रॏलॏलॏलॏलॏली,गुरुद्धारे
रॏलॏलॏलॏली,अच्युतानंद
रीलीली,बुलियन
गीलू,बीआरटीएफ
गीली,एक्ज़िट
रीलीप,दुबारा
रीलील,ढिकाला
रीलीली,राइडर्स
रीलॏलील,कोस्त्रोमा
रॏलॏलॏलॏलील,डिसमेनोरिया
रीलीप,खमण
रॏलॏलॏलीप,सभिजनों
रीलॏलील,निपटाने
रीलील,उपखंड
रीलीली,डांसर्स
रीलॏलीप,मोंगहामा
रीलॏलीप,सुन्हैरा
रॏलॏलॏलॏलॏलीप,मूलवासियों
गीऴू,सनी
रीलॏलील,खर्चीली
रीलॏलील,रंगरूप
गीली,युनूस
रीलॏलील,वजारोहन
गीऴ,राग
रीलीली,मुचलका
रीलॏली,सिकुड़े
रॏलॏलॏलील,नीलांबर
रीलॏलीप,कंकड़ों
रीलीली,पैरोडी
गीऴ,एनजीओ
गीली,ग्राफ्ट
रीलीप,बुटाटी
रॏलॏलॏलीप,अभिबिन्दुग
रॏलॏलॏलील,पिल्लवकेस
रॏलॏलॏलील,क्लर्किकल
रॏलॏलॏलीली,करायची
रीलॏलीप,मसल्स
गीऴू,ट्री
रीलीप,मंहगा
गीलीप,सॉकेट
रॏलॏलॏलील,खानवेलकर
रीलॏलीली,धमाकेगी
रीलील,क्रूस
रॏलॏलॏलील,मुनगपाका
रॏलॏलॏलील,पूज्यनीय
रीलॏलील,बालासाहब
गीली,रस्ता
रॏलॏलॏलीप,मधुरिका
रीलीली,दुधिया
रॏलॏलॏलॏलीली,जागरणकर्मी
गीली,पप्पी
रीलॏलीप,वैशिनी
रॏलॏलॏलीप,फिलिप्पियो
रीलील,पौधों
रीलॏलील,सिरेघाट
रीलीप,मौलिक
रीलीप,चंदा
रीलील,विज्डन
रीलील,टेंडर
गीऴू,प्लग
रीलील,जटवाड़ा
रॏलॏलॏलॏलॏलॏलील,प्रतिष्ठानों
रीलीप,हिंदवी
रीलीप,कॉफ़ी
रीलॏलील,मजूमदार
रॏलॏलॏलॏलीप,तेंदूखेड़ा
रीली,मोरवी
रीलॏलीली,रिएक्शन
रीलॏलील,ट्विवटर
गीली,बज़ने
रीली,रने
रीलॏलीप,भावनाएं
गीली,बक्र
रीलॏलील,प्रवृत्त
रॏलॏलॏलील,संदर्भित
गीली,अखबार
रीलील,टेस्टों
रॏलॏलॏलील,जीवजन्तु
रीलीप,कितनी
रॏलॏलॏलॏलॏली,डिझेलपेक्षा
रीलॏलील,स्काॅटिश
गीऴी,दामाद
रीलॏली,स्टैंजिन
रीली,अलगाव
रॏलॏलॏलीप,त्रिकोचे
रीलॏलीप,नौचोकी
गीली,घोउटा
रीलॏलील,दरियाई
रीलॏलील,कंज्यूमर
गीली,मूलं
गीऴू,बेल्ट
गीली,नकुम
रीलॏलीली,संचालन
रीलील,बताएगी
गीली,लेटते
रीलील,आश्रित
रीलॏली,हैकॉथॉन
रॏलॏलॏलील,बहावलपुर
रीलीप,इनकोड
गीऴी,हाश्मी
रॏलॏलॏलॏलॏलील,प्रेरणामयी
रॏलॏलॏलॏलॏलॏलीप,आधुनिकीकरण
गीऴी,आंनद
रॏलॏलॏलॏलीप,उपभोक्तावाद
रॏलॏलॏलील,हुक्क्यातून
गीऴ,एबीआईए
रीलीली,गढ़वाना
गी,ओनो
गीली,अनकही
रीलॏलीप,वान्गिटा
रीलीप,कोंबले
रीलील,अतर्रा
गीली,शकनी
रीली,खुसरो
रॏलॏलॏलॏलीप,विज्ञानियों
रॏलॏलॏलॏलील,छायाप्रति
रॏलॏलॏलॏली,सेर्नदनुर
रीलील,अंधेरा
गीऴी,आर्च
गीऴू,जीनी
रीलॏलीप,पूज्यनीय
रॏलॏलॏलॏलॏलॏली,बिचुकल्यांचा
रीलॏलील,महाभारत
रॏलॏलॏलीली,सुलझाया
रीलीप,छिपते
गीली,लॉरे
गीऴू,तकी
गीऴी,जुडास
गीऴू,मिमी
रीलॏलीप,कमलिनी
रीलॏलीली,रेलभाड़े
रॏलॏलॏलीप,हनुमानदास
रीलीप,दैन्य
रॏलॏलॏलॏलीप,बख्तरबंद
गीऴू,अदबी
गीऴी,आइना
गीऴ,हिस्स
रीलॏलील,श्मशान
रॏलॏलॏलॏलॏलॏली,तिरुमलराजु
रीलॏलीली,रोमानियाई
रॏलॏलॏलीली,सनलोशन
गीऴी,बेसिस
रॏलॏलॏलील,चुनरियों
रॏलॏलॏलील,थपथपाने
गीली,टोटके
रॏलॏलॏलॏली,पिछड़ेपन
रीलॏलीली,नीलांबर
रॏलॏलॏलॏलॏलॏलील,प्रतिनिधित्व
रॏलॏलॏलॏलॏलॏलॏलील,स्वातंत्रसेनानी
रीलॏली,वर्तिका
रॏलॏलॏलॏलॏली,मैपलक्रॉफ्ट
रॏलॏलॏलील,बख्तरबंद
रीलॏलीप,उपमन्यु
रीलीली,कमलिनी
गीऴू,ईस्वी
रीलीली,आकाशीय
रीलीप,उकसाया
रॏलॏलॏलील,रोमांचक
गीली,रॉयल
रीलीप,बिताया
रीलील,तकदीर
रीलॏलील,दशहरा
रीलील,किराया
रीली,शरीर
गीली,फॉल्ट
गीऴ,ऊर्फ
रीलॏलीप,निखरा
रॏलॏलॏलॏलॏलॏलॏलील,आजमाविल्यानंतर
गीलीप,उबकासी
गीऴू,यदि
रीलीली,हत्याएं
रीलील,रोकटोक
रीलॏली,मोल्डिंग
रॏलॏलॏलॏलीप,प्राचीनतम
रीलॏलीली,महाकाश्यप
रॏलॏलॏलॏलीप,अवश्यकता
गीऴू,नज्द
रीलीप,तेजस्वी
गीली,सोचती
रीलॏलीप,मुनिरका
रॏलॏलॏलॏलॏलॏली,परिमाणात्मक
रॏलॏलॏलॏलॏलॏली,उपभोक्तावादी
रीलॏली,रोस्टर
रीली,अम्फान
गीली,बीमित
रीलीली,कावनुर
रॏलॏलॏलॏली,अमरसमोर
रुलॏलील,साईंसिज़
रीली,हाश्मी
गी,ला
रीलील,वासियों
रॏलॏलॏलीप,अपमिश्रण
रीलीली,आदिवाड़ा
ग्ऴू,कॉइन
रीऴी,एमीनो
रॏलॏलॏलीली,उर्वरकता
रॏलॏलॏलीप,मिथिलेश
रीलीप,मानसिक
रॏलॏलॏलीली,वंशवादी
रॏलॏलॏलॏलीप,युवतींशी
गीऴी,जज
रीलॏलील,चराचर
रीलॏलील,सुनीलचा
रीलॏली,किल्पटन
रीलीली,हटानेका
रीली,आमादा
रॏलॏलॏलॏलॏली,डाउनलोडिंग
रीलीप,तन्मय
गीऴी,डिएगो
गीऴ,चाक
रॏलॏलॏलील,स्टेशरन
रॏलॏलॏलॏलील,प्राप्तकर्ता
रीलॏली,डॉक्टरेट
रॏलॏलॏलीप,हरिभंगा
गीऴी,थाती
गीऴी,क्लेन
रीलॏली,स्टेनले
रीलील,वोल्टस
गीऴ,इनु
गीऴू,स्लैब
रॏलॏलॏलीली,विश्वभर
रॏलॏलॏली,इलेक्ट्रम
रीलीली,चौंकती
रीलॏली,गढ़िया
रॏलॏलॏलॏलॏलीप,रिकॉग्निशन
रीलीली,रिषभ
गीली,अवर्ण
रॏलॏलॏलॏलॏलॏली,उपमुख्यमंत्री
रीलीप,टिकता
रीलीप,चंदर
रीलील,तेहबन्द
रीलॏलीप,चौकियों
गीऴू,नेवा
रॏलॏलॏलील,धौरसलार
रीलील,रौत्रे
रॏलॏलॏलॏलील,हाइपोथैलेमस
रॏलॏलॏलॏलॏलॏलॏली,नेस्टिंगलक्षण
ग्लू,होजरी
गीऴू,वीक
रीलीली,कंटोला
गीऴ,एमएक्स
रॏलॏलॏलीली,उपभोक्ताओं
रीली,जहरों
रीलॏलील,मिसालें
गीऴी,चिथा
रॏलॏलॏलीली,विश्लेषण
रीलॏली,मूलभूत
गीऴू,हनुत
रॏलॏलॏलॏलॏलॏली,बिशंभरनाथ
गीऴी,छाछ
रीलील,मैट्रिक
रीलीली,टांगने
गीली,खट्टा
गीऴू,क्लेर
गीऴू,हवाओ
रीलीप,आदतन
गीऴू,शबे
रीलीली,चौपालों
गीली,ऑब्जेक्ट
रीलॏलीली,असमानताएं
रॏलॏलॏलीप,कंपकपी
गीली,किकिर
रीलॏली,सोलहवें
रॏलॏलॏलॏली,टिमटिमाते
गीऴी,कटास
रीलीली,कसाकसी
रीलीप,मुख्य
रीलॏलील,साझेदार
रीलॏलीप,स्वामियों
गीली,उप्पल
गीऴू,हिस्स
रॏलॏलॏलीली,लाइमस्टोन
गीऴू,हमाद
रीलील,थैलों
रॏलॏलॏलॏलॏलॏलॏलॏली,प्रतिस्पर्धाएं
गीली,हितकर
रीलील,इकट्ठी
रीलॏली,ढीलापन
रीलॏलील,घुमक्कड़
रीलॏलीली,नवबहार
गीऴ,भूल
रीलील,क्षीणता
गीऴी,बंजी
गीलीप,एक्सल
रीलॏली,यहपर्व
रॏलॏलॏलॏलॏलॏली,व्यक्तिप्रकाश
रीली,छिड़ा
रीलॏलील,थंगप्पा
गीली,उन्नीस
रॏलॏलॏलॏली,हरकंठराय
रीलील,टिकर
रॏलॏलॏलील,हिचकिचाने
रीलॏलील,ओरिएटेंड
रीलीली,नाविकों
रीलॏलीप,श्यामदास
गीली,बागरा
गीऴी,पिका
गीऴी,थैला
रीलीली,पुखराज
रीलीली,भागते
रॏलॏलॏलीप,इंटरपोल
गीऴी,रुको
रॏलॏलॏलॏली,निषादराज
रॏलॏलॏलॏलील,जानकारियों
रीलॏलीप,ढोरमारे
रीलॏलीप,वाहीबाग
रॏलॏलॏलॏलॏलॏलॏली,वृत्तस्तरीय
रॏलॏलॏलील,सुरक्षित
गीली,नींद
रीली,कंबल
रॏलॏलॏलॏलीप,प्राध्यापक
रॏलॏलॏलील,पेटीकोट
रॏलॏलॏलॏलील,काव्यतत्वों
गीऴ,नेट
रॏलॏलॏलील,प्रारूपों
गीऴी,तकली
गीली,सीडान
गीऴी,सीधा
रीलील,गुफ्तगू
रीलील,बालाएं
रीलॏली,स्कैनर
रीलील,भीतर
रीली,मथाई
रॏलॏलॏलील,शिक्षेची
रॏलॏलॏलीप,एनोनीमस
रीलीप,कुम्हार
रीलॏलीप,बैकुंठ
गीऴी,एथर
रॏलॏलॏलील,एकभाषीय
रीलॏलील,भुगतना
गीऴ,वाही
रीली,कागज़ी
रॏलॏलॏलील,प्रोपर्टी
गीऴू,वाइस
रीली,जयते
रीली,वांचू
रीलॏलील,जावड़ेकर
रॏलॏलॏलीप,जनजीवन
रॏलॏलॏलीप,रंगरूप
रीलॏलील,प्रमाणि
गीली,चाटने
रीलील,लिंटर
रॏलॏलॏलॏलीप,अनुप्रयोग
रॏलॏलॏलीप,सुधरने
रीलीप,गनबोट
रीलील,रसायन
गीली,फालना
रॏलॏलॏलीप,स्विमंग
रॏलॏलॏलील,कृष्णके
रीलीली,अक्षरशः
रीली,सुभव
रीलील,बेसरा
रीलीली,एलिसिन
रीलॏलीप,वोजसिकी
रॏलॏलॏलॏलॏलॏलॏलॏलील,पत्रव्यवहाराच्या
रीलॏलीली,हस्तक्षपे
रीलीप,लेह्मर
रॏलॏलॏलील,पार्लिमैंट
रीलीप,वीनस
रीलील,पियरे
रीलील,तकदीर
रॏलॏलॏलॏली,शरफुद्दीन
गीऴी,उगती
रीलीप,तसकिन
रॏलॏलॏलॏलील,रजतचंदा
रीलीप,ममता
रीलॏलील,छलावा
गीऴू,लेती
रॏलॏलॏलॏली,मताशबीह
रीलील,राबिया
रॏलॏलॏलॏलॏलॏलील,सर्वशक्तिमान
रीलॏलील,क्यूरेतारो
रॏलॏलॏलॏलील,जनसूचना
गीऴू,एलएमएपी
रीलील,राउटर
रॏलॏलॏलीप,काउंटरों
रॏलॏलॏलॏलीप,स्कुलक्लार्क
गीली,क्रॉप्स
रॏलॏलॏलॏली,उर्वरकता
रॏलॏलॏलॏलीप,फिजियोथेरी
रॏलॏलॏलॏलॏलील,मराठेशाही
रॏलॏलॏलीप,निजामपुर
रॏलॏलॏलीली,ठुकराकर
गीऴू,छिट
रीलीप,ब्लांका
रीलॏली,ठाकरे
रीलील,आयकर
गीऴी,धब्बे
रीलीप,कांटों
रीलीली,वेरिएंट
रीलॏलील,कदारपुर
गीऴी,सलाई
गीऴू,जार्ज
रॏलॏलॏलॏलील,न्यूट्रेलाइज
रीलील,रूटे
रॏलॏलॏलॏलॏलॏलील,रिकॉग्निशन
रीलीली,स्काॅटिश
रीलीली,फटाफट
गीली,ऊल्थर्
रीलीप,मुगाबे
रीलीप,निखार
रीलॏलील,विराटचा
रॏलॏलॏलील,खर्चीली
रीलीप,उड़ेलते
गीली,नंगे
रीलीली,बेइमानी
रॏलॏलॏलॏलील,स्वर्णकाल
रॏलॏलॏलॏलीप,धर्मानुराग
गीली,उतराई
रीलील,रायफल
गीऴ,दाल
रीलील,योगफल
रीलॏलील,संस्तुति
गीऴ,एआरसी
रीलॏलील,ड्रायवर्क
रीलॏली,क्यूबिक
गीऴी,नींद
रीली,जीवनों
रीलॏलील,कोइलवर
रीलॏलील,ट्रुपर
रीलीली,परनाना
रीलीली,फ्लॉवर
रीलील,रैकल
रीलीप,घोलते
रॏलॏलॏलीप,कालोनियां
गीऴी,डाली
रीलीली,गनबोट
ग्लू,टोंग
गीऴी,ह्यूअर
रीलीप,तारीफ़
रीलॏलीली,निहारती
गीली,गर्ल्स
ग्ऴू,लोगो
गीऴू,असर
रीलीली,दगाबाज
गीऴ,ओटो
रीलील,सुरावा
गीली,घराट
गीली,स्वाती
रीलील,कागज़ी
रॏलॏलॏलॏलीप,सच्चिदानंदन
रीलील,भरता
रीली,दामों
रॏलॏलॏलॏलॏली,विश्वदानीं
गीऴी,हाईजैक
गीली,यूलिप
गीऴू,सेरी
गीऴी,माहुल
रॏलॏलॏलॏलॏलॏली,अंतर्विवाहों
रीलॏलीप,झंझरी
रीलील,कक्षक
रीलॏलीली,कोकराझार
गीली,भराई
गीऴ,लोप
रीलॏलीप,बचाएं
रीलीली,अखबारी
रॏलॏलॏलीप,पोलोथिनों
रॏलॏलॏलॏली,फ्रैंचाइज
ग्ऴू,मोली
रीलॏलीप,शिपकुले
गीऴी,काट्जू
रॏलॏलॏलॏलील,पिछड़ेपन
रीलील,वाटर्स
गीली,इसरार
रीलॏली,नज़राना
रीलीप,मिसालें
रीलील,रिडेल
रॏलॏलॏलॏलॏली,सफलरूप
रीलील,ढूंढे
रीलीप,शेरू
रॏलॏलॏलीप,स्टिफर्ड
रीलॏलील,ब्रह्माणी
रीलॏलीप,पक्तियों
रॏलॏलॏलॏलीप,मणीरत्नम
रॏलॏलॏलॏलॏलील,स्वर्णप्रीत
गीऴी,तभी
रीलील,खिलौना
गीऴू,दालों
रॏलॏलॏलील,प्राइमरली
रीलॏलीली,जन्मशती
रीलॏलीली,रोएलोफ्स
रीलीप,पोंगल
रॏलॏलॏलॏलील,वस्त्रधारी
गीली,स्पाइक
रीली,अम्मू
रीलीली,स्पि्रंग
गीऴी,सवक
गीऴी,ढीठ
रीलॏली,नामरूप
रॏलॏलॏलॏलॏलीप,आधुनिकीकरण
रीलॏलीप,विधिवत
रॏलॏलॏलील,चहचहाहट
रीलॏली,जेफरी
रीलीप,इतालवी
गीऴी,अकाश
रीली,रीमस
रॏलॏलॏलीप,कालोनियों
गीऴी,वेस्ट
रीली,बनवाए
रीलॏलीप,शहनवाज
रीलीप,नौतन
रीलॏली,ठिठोली
रॏलॏलॏलॏली,डायनासोरों
रीलीप,भोटिया
गीऴ,वध
गीली,बलहीन
गीऴी,सुजान
रीलॏलील,अर्थिंग
रॏलॏलॏलॏली,चित्रकारों
रीलील,धरती
रीलॏलील,मोहपात्रा
रीलॏलीप,सालुनखे
रीली,डबरा
रीलीली,केलांग
रीलॏलील,मेंभले
रीलॏलील,देवीदास
रॏलॏलॏलॏलॏली,रमणीकभाई
रॏलॏलॏलॏलीप,जर्मेनिकस
गीऴ,टीएनओ
रीलील,कुरुवा
रॏलॏलॏलॏलॏली,निरक्षरता
रीलॏलील,निवेशक
रीलीप,सन्ता
रॏलॏलॏलॏलॏलील,प्राचीनतम
रॏलॏलॏलील,कारल्याची
रॏलॏलॏलॏलॏलॏलॏलीप,सदस्यांमधील
रॏलॏलॏलॏलीप,अव्यावहारिक
रीलील,रमोही
रीलॏली,सनटैक
रीलील,अवधियां
रीलीली,सुवर्ण
गीऴ,जकड़
रॏलॏलॏलीप,पैरॉक्साइड
रीलॏलीप,अवश्यमेव
रीलील,नाश्ते
रीलीली,सोमालियाई
गीली,दर्रे
रॏलॏलॏलॏलील,फैशनबल
रीलीली,मडियाहूं
रीली,आश्रित
गीली,बेल्ट्स
रॏलॏलॏलॏलील,उपलब्धता
गीली,शहर
गीऴी,हिन्दी
रॏलॏलॏलीप,धँसाकर
रीलॏली,प्रस्ताव
रॏलॏलॏलॏलीप,नितीनकुमार
रॏलॏलॏलीली,वास्तविकता
रॏलॏलॏलॏली,हबीबुन्निसा
रॏलॏलॏलीप,सिनेहस्ती
गीऴी,सौदों
रॏलॏलॏलॏलॏलॏली,एपीडेमोलॉजिस्ट
रीलॏलीप,प्रिंसली
रीली,फ्लिंट
गीली,भूलते
गीऴू,नेडे
रीलील,ग्राइडर
रॏलॏलॏलीप,मनुष्यों
गीली,फिरकी
रॏलॏलॏलीप,विश्नासर
रीलॏलील,किलेबंद
गीऴी,मोनल
रीलॏली,मंजिले
रीलीप,एब्यूमिन
गीऴी,बॉयल
रॏलॏलॏलॏली,कर्मवीरो
गी,बैन
गीली,मंथ
गीली,शूकर
रीलील,भूखा
रॏलॏलॏलॏलीप,इंद्रध्वज
रॏलॏलॏलीप,जटिलताओं
रीलीली,बायोटेक
रीलॏलीप,हेरेडिटी
गी,इको
रीली,जवेरी
रॏलॏलॏलीप,शिनाख्त
रीलॏली,मुनाफे
रॏलॏलॏलॏलॏलॏलॏलॏलॏलॏलील,प्रभाशुभप्रचारणी
रॏलॏलॏलॏलीप,क्षमतावान
रॏलॏलॏलील,माराविला
रीलीप,बोडेन
रीली,बेलहर
रीली,भूतहा
रीलॏलील,अवसन्नन
रीलीली,जीरामन
रीलील,घुमाती
रॏलॏलॏलॏलॏलील,विधानसभेला
रीलॏली,कुकुनूर
रीलीली,संदीप
रीलीप,बनाबट
गीऴू,जीसैट
गीलू,सिर्फ
रॏलॏलॏलील,जगजीतसिंह
रॏलॏलॏलीप,जम्बुमणि
रॏलॏलॏलीली,विश्लेषणों
रॏलॏलॏलॏलॏलीप,प्रोमोशनल
रीलीप,कलयुग
रीलॏलील,घुसपैठ
रीलॏलीली,एस्थेटिक्स
रीलॏलीली,सलाहियत
रीलील,मुदिका
रॏलॏलॏलॏली,आडमिशन
रीलीप,मिटाना
गीली,रायट
रॏलॏलॏलीप,मननदीप
रॏलॏलॏलॏलॏलील,सच्चिदानंदन
गीऴू,ब्राई
रीलॏलील,शिवादेवी
गीली,टाइटन
रीलीली,बिसौली
रॏलॏलॏलील,आकाशीय
रॏलॏलॏलॏलॏलॏली,ब्रेकीथेरेपी
रीलीप,कीकर
रीलीली,संघम
गीली,केडर
रॏलॏलॏलीप,ढूंढते
गी,जीई
रीलील,रूपए
रीलीप,कैमिलो
रीलीली,दलबीर
रॏलॏलॏलॏलॏलॏलॏली,रहशयोद्घाटन
रीलीली,मनहूस
रॏलॏलॏली,डिफेंसिव
गीऴी,हरदा
रीलीप,सिकुड़ी
रीलील,फेल्टन
रॏलॏलॏलीप,फ्लिंटॉफ
रीली,मोरवी
रीलॏलील,लत्तरों
रीलीली,समदेच
रीलीप,रुफिल
रीलील,रिमोन
रीलीली,सनायत
रॏलॏलॏलील,बताऊंगा
रॏलॏलॏलॏलॏलॏलीप,द्विसहस्राब्दी
रीलीप,मापता
गीऴ,हते
रीलॏलील,ओरिजिनल
रीलॏलीप,भिजलात
रीलील,शाहरूद
रीलील,अरेराज
रॏलॏलॏलॏली,कनेक्टिंग
रीलॏलील,क्लिंजर
गीली,तारे
गी,एचईसी
ग्लू,पिरो
रीलील,सरसता
रीलॏली,खिलौना
रीलीप,लाईलाल
गीऴू,अमूल
गीली,थैंक्स
रीलील,गगापुल
रीलॏलीप,जीवंतता
रॏलॏलॏलॏलॏलॏलॏलॏली,सर्वानुक्रमणिका
रॏलॏलॏलॏलॏलॏलॏलॏली,प्रतिक्रियाशील
रीलॏलील,फिरवाने
रीलॏलील,फैलाएं
रॏलॏलॏलीप,अर्थनीति
रीलॏलीली,अवास्तविक
गीलू,आरआईपीवी
गीऴ,एमबीडी
रीलीली,चित्त
रॏलॏलॏलॏलॏलॏली,पुनरावलोकन
रीलॏली,मेक्रोनी
रीलील,सलवार
रीलॏलीप,ब्रोकिंग
रॏलॏलॏलॏलॏलॏलॏली,स्पैसिफिकेशन्स
रीली,बागरा
रीलॏलील,करिहारी
रीलॏलील,सुलतानों
गीली,फैरी
रीलीली,इनसभी
रीलीली,केजुराम
रॏलॏलॏलॏलीप,म्लादेनाविच
रॏलॏलॏलीप,कृतित्व
गीऴ,पड़ा
रॏलॏलॏलॏलॏलॏलॏली,कृष्णवर्णेय
रीलीप,सिगनल
रीलीली,द्रश्यो
रीलॏलील,ओरोविला
रीलॏली,स्पॉटिफाई
रीलीली,लालाबाई
गीऴ,केपीडी
रीलील,बॉयलर
गीऴ,यही
गीऴ,जया
रीलीप,हानिकाक
रीलीप,आदतें
रॏलॏलॏलॏलील,असमानताएं
गीऴी,खुर्द
रीलॏलील,परसाद
गीऴू,ट्यून
गीली,जोडते
रीलील,पैरोडी
रीलीली,स्नातर
रीलीली,दिलाया
रीली,एडिडास
ग्ऴू,ओजोन
रीलीप,बचाएं
रॏलॏलॏलॏलील,नामकरणक
रीलॏलील,अनुप्रिय
गीऴ,दल
रीलीप,दोगुने
गीली,टांका
रीलीप,मातंग
रीलॏलील,जनजीवन
रीलॏलीली,उद्घोष
गीऴी,माहौल
रॏलॏलॏलॏलॏलील,चर्यपूर्वक
गीऴू,ओछी
गीली,पुनर
रीलीप,झुकना
रीलॏलील,पहलगाम
रीलॏलीप,सुधीश
रॏलॏलॏलॏलीप,पिछड़ेपन
रीलील,डूंडवा
गीली,दिमाग
रॏलॏलॏलीली,फरिश्ते
रॏलॏलॏलीली,दाहसंस्कार
गीऴ,एसीएफ
गीऴी,झाड़ोल
रॏलॏलॏलॏलील,सत्तास्वप्न
रॏलॏलॏलीप,इनहैंसिंग
रीलील,कौशिक
गीऴी,बस्ता
गीली,जहर
रॏलॏलॏलीप,हयग्रीव
रॏलॏलॏलीली,युलरवाद
गीऴी,मौला
रीलीली,बस्तियां
गीऴी,बोडेन
रीलॏलीली,कृतित्व
रीलीप,मुड़ने
रीली,बालाएं
रीलील,मेवाड़ी
रीली,हजीरा
रॏलॏलॏलील,आविष्कारों
गीऴी,अवध
गीली,बचते
रीलॏली,कमिटी
रीलील,जंजीरा
गीऴू,फीड
रीलीप,एलेजिक
रीलील,तेलीय
रीलॏलीप,चंदेलस
गीली,एलविस
गीऴी,भवाई
रीलील,सेराबी
रीलॏलील,वारविक
गीऴी,मसाज
रीलॏली,पाञ्चजन्य
रीलीली,स्टेटमैन
रीलील,ग्रंथ
गीऴू,डेट
ग्ली,तोलोग
रॏलॏलॏलॏलॏलॏलॏलॏली,गोरेगावपर्यंतचा
रॏलॏलॏलील,लांगुरिया
रॏलॏलॏलॏलीप,डाउनलोडिंग
रॏलॏलॏलॏलॏली,मिप्राथकता
रॏलॏलॏलॏलीप,कंट्रोल्ड
रीलॏलील,एंडरसन
रॏलॏलॏलॏली,ट्रेपेजियम
रॏलॏलॏलॏलॏलॏलॏलॏलील,तंत्रज्ञानमंत्री
रीलील,अकवूर
रीलील,प्रोमोट
रीलॏलीप,अशासकीय
रीलील,एसिटेट
गीलू,सीआईआरआर
रॏलॏलॏलीप,मुद्राएं
गीली,सत्या
रीलॏली,जुर्माने
गीली,अलास्का
रीलॏलीप,अशासकीय
रीलील,पुरिना
रॏलॏलॏलीप,कमलनुमा
रीली,कतई
गीऴ,ब्रो
रीलॏली,गुरुजन
रॏलॏलॏलॏलील,परीक्षणों
रॏलॏलॏलॏलीप,पारंपरिक
रीलीली,स्त्रीत्व
रीलीप,जेफरी
गीली,रोडियो
रीलॏली,नुबारिया
रीलॏलील,अघोरनाथ
रीलील,स्प्लिट
रीलॏलीप,कपोलों
रीलीली,बोवेसेट
रॏलॏलॏलील,जीवनहीन
रीली,धर्मा
रीलॏली,ब्रैडली
गीऴी,पद्य
रीलॏलीली,अनुवादित
रॏलॏलॏलॏलील,शिवसूत्राणि
रॏलॏलॏलॏलॏली,उपन्यासकार
रीलॏलील,मातानुकु
रीलॏलील,सवालिया
रीली,अरिचा
रीलीली,निखारा
रीलील,पूराना
रीलीली,गुस्टावो
रीली,सीहोर
रीलॏलील,माहूरकर
रॏलॏलॏलॏलॏलॏलीप,विश्लेषणात्मक
गीऴी,चंदे
रीलॏलीली,नरेवाडी
रीलॏलील,रामायण
रीलील,लिस्टर
रीलीली,नौटंकी
गीली,सिहावा
रॏलॏलॏलॏलॏलॏलॏली,प्रोमोशनसाठी
गीली,खुदवा
रॏलॏलॏलीप,ग्रामीणों
गीली,मेनका
रॏलॏलॏलीली,डुबायेंगे
रीलील,जटिलता
गीली,टिकता
रीलीप,रूची
गीऴू,जूडी
रॏलॏलॏलॏलॏली,संयुक्तता
रीलीप,देवदार
गीऴी,जुलसी
रॏलॏलॏलॏली,थपथपाने
रीलील,राउंड्स
रॏलॏलॏलीप,शुरूआती
रीलीप,नीशु
गीऴी,बागों
रॏलॏलॏलॏली,लंगड़ाकर
रीलीप,बचाएं
रीलील,कटवाना
रॏलॏलॏलीली,जगदीशपुर
रॏलॏलॏलील,क्रूरतम
रीलीली,सुहागता
रॏलॏलॏलीली,भौक्षणिक
रॏलॏलॏलॏलीप,जनसूचना
गीली,दक्कन
रॏलॏलॏलॏलीप,बबलेश्वर
गीऴू,मैनी
रीलॏलील,गार्डनर
रॏलॏलॏलॏलॏली,महत्वुपूर्ण
ग्ऴू,फॉइल
रीलॏलीली,स्वतंत्र
रॏलॏलॏलील,शिवसेनेही
गीऴी,हिसा
रीलील,जसुपर
गीऴ,लभ
रॏलॏलॏलॏलील,विज्ञानियों
रीलॏलीली,हेल्थखोज
रीलीली,तरसते
रीलीली,उपलव्ध
रॏलॏलॏलॏलील,रामराजपुरा
रीलीली,पिछड़ा
रीलॏलीली,अलगाववाद
रीऴी,नामों
रीलॏलीप,तबस्सुम
रॏलॏलॏलॏली,मूलमंत्र
रीलीली,चौंसठ
रॏलॏलॏलॏलीप,फ्रेंकफोर्ट
गीली,सुकमा
रॏलॏलॏलील,सप्तर्षि
रॏलॏलॏलॏलॏली,इंडोर्समेट
रीलीप,शिवहर
रॏलॏलॏलॏलॏलॏलीप,संचारविपणन
रॏलॏलॏलॏलीली,कलाकारिओं
रीलॏलीप,संयोजक
रीलॏलील,पाश्चात्य
गीऴी,ह्यूअर
रीलीप,दिलवाए
रीलील,मिजुओ
रीलील,मोरवी
गीलू,निम्र
रॏलॏलॏलॏलॏलॏलील,राष्ट्रीयकृत
रॏलॏलॏलॏली,अलगाववाद
रीलीली,बटलैंड
रॏलॏलॏलीली,पराजयों
रीलीप,घूमती
रीली,ज़मीर
रीलॏलीप,बनवाए
गीली,दिलीप
रॏलॏलॏलीली,गलतफहमी
रीलीप,चुंबन
रीली,आंनद
गीली,मौर्य
रीलॏलीप,वालेकुम
रॏलॏलॏलॏलॏलील,निरक्षरता
गीऴी,लाहोल
रीलीली,खांचे
रीलीली,जिनसाकू
रॏलॏलॏलील,नासमझा
रीलॏलीली,गर्भगृह
रीलॏलीप,फेंकने
रीलील,पीपीपी
रॏलॏलॏलॏलीप,वोलबाशिया
रीलॏलील,वारियर
गीऴू,सीने
रॏलॏलॏलीली,अलेक्जेंद्रा
गीली,आशुरा
रीलीप,साहबों
रीलीप,विष्व
रॏलॏलॏलील,भागीरथी
रीली,हैवान
रीलॏलीली,नरईपुर
रॏलॏलॏलीप,प्रिंसली
गीऴी,खण्ड
रॏलॏलॏलॏलॏलॏली,प्रजातिकरण
रीलील,फैब्रिक
रॏलॏलॏलॏलॏलील,परिवतर्तित
रीलील,बारहों
रॏलॏलॏलीली,प्रेमानंद
रीलीली,अधिमास
रीलीप,दिमागी
गीली,मासूम
गीली,फैरी
गीली,यॉन्सी
रीलीली,दरवाजा
रीलील,शिलोंग
रीलीप,नवनीन
गीऴी,कोचों
रॏलॏलॏलॏलॏलॏलील,मार्केटनियामक
गीली,प्रीस्ट
रॏलॏलॏलॏलॏलॏली,रस्त्यांसाठी
रॏलॏलॏलॏलील,साहित्यकोष
रीलॏलील,नज़राना
रॏलॏलॏलीप,सिगनलों
गीऴी,गोइंग
गीली,क्रेडो
रीलॏलील,विलासपुर
रीलॏली,दिंगबर
गीऴू,छाया
रीली,खुर्दा
रॏलॏलॏलॏली,रुग्णताओं
रॏलॏलॏलॏलॏलॏलॏलॏलॏलॏली,पूर्वपालिकाध्यक्ष
रॏलॏलॏलॏलीप,राजेश्वरी
गीली,क्रोमा
गीली,ज़िल्ला
रॏलॏलॏलील,दर्मियां
रीलीप,क्लासेन
गीली,आयकर
रीलॏली,वारियर
गीली,कांटी
रीलॏलील,तंत्रिका
रॏलॏलॏलॏलॏलॏलॏलॏलॏली,कृषिराज्यमंत्री
रीलॏलीप,राखें
रॏलॏलॏलॏलीप,मध्यस्थक
रॏलॏलॏलीली,पोसण्याचे
गीऴू,फैल
गीऴ,एमएसएन
रीली,जागृत
गीऴू,आधी
गीऴू,पौन
रीलॏलील,नामरूप
रीलील,वादकों
रीलीप,मैगनस
रीलॏलील,भौंकती
रीलॏलीली,चुरामनी
रीली,सज्जित
रीलीप,मेनका
गीऴू,डव
रीलील,सुरदार
रीलॏलील,त्रिपुरी
गीऴ,इको
रीलॏलीली,जटवाड़ा
रीलीप,टिकता
रीलॏलीली,मलापल्ली
रॏलॏलॏलॏलॏलॏलील,इरफानमुम्बई
गीऴ,इट्स
रीलीप,भगोसा
गीऴी,छुपी
गीऴू,घाटी
रीलील,कोस्टार
रीलीली,संदीपा
रॏलॏलॏलॏली,प्रोस्पेक्टस
रीलीप,क्लासी
री,जेएम
रीलीली,आठवों
गीऴी,उगाना
गीऴी,खब्बू
रीलॏलील,भगवन्ता
ग्ऴू,बोएल
गीऴी,गुल्ली
रीलीप,तात्या
रीलीली,दुपट्टा
रीलॏलीप,योगफल
रीलीली,इकट्ठी
रीलॏलीली,पैकेजिंग
गीली,सिंडी
रीलॏलीली,समाजने
रीलील,रोस्टर
रॏलॏलॏलॏलॏलील,उपभोक्तावाद
रीली,जानकार
रीलीप,बच्चन
गीऴू,हालिया
रीलीप,दामिनी
रीलील,कमच्छा
गीली,रपट
रीलील,भूलने
रुलॏलीली,जेफरी
रॏलॏलॏलॏलॏली,नक्शेकदमों
रीलील,जरयान
रॏलॏलॏलॏलॏलॏलॏली,सर्वशक्तिमान
रीलीप,भेजेगी
गीऴू,ओझल
गीऴी,दंगे
गीऴू,माफ
रीली,राइमा
रॏलॏलॏलील,ब्लॉगरों
रीलीली,मैलकम
रीलॏलील,बालासाहब
रीलॏलीप,खगड़िया
गीऴी,लौकी
रीलील,जागकर
रीलॏली,ढलवाने
ग्लू,फॉर्ट
रॏलॏलॏलॏलॏलॏली,शैलेंद्रनाथ
गीली,दुकान
रीलील,फेल्टन
रीलीली,सोनगरा
रीलीप,लुढ़का
रीलील,खुदवा
रॏलॏलॏलील,वॉरीअर
रीलील,ड्रिबल
गी,मू
रॏलॏलॏलॏलॏलॏलॏली,खासदारकीपर्यंत
गीऴ,बाईक
रीलीली,नगीना
रीलॏलीप,शुरुआजी
गी,हैश
रीलॏली,नीतिगत
गीऴू,लाते
रीली,बॉथम
गीऴ,काग
रॏलॏलॏलॏलीप,केतुबुद्दीन
गी,ऐज
रीलीप,सीने
रॏलॏलॏलॏलॏलील,सहस्रचंद्र
रीलॏलील,हेमधापुर
गीली,दाहिने
रॏलॏलॏलॏलॏलील,लापरवाहियों
रीलीली,बहिराणा
रीलीली,कहलाएगी
रीलीप,खांचे
रीलॏलीली,क्षमाशील
गीली,बेग्म
रॏलॏलॏलीप,शरीरों
रीलॏलीप,कनिका
रॏलॏलॏलीली,जनसूचना
रॏलॏलॏलॏलीप,बुलडोजर्स
रॏलॏलॏलीप,सुभ्रांशु
रीलीप,जहरों
रीलॏलील,घरवलों
रीलॏली,सुवैदी
गीऴी,शक्त
गीऴू,खड़ा
गीऴी,नाभि
रीलॏलील,पुलिक्कन
गीऴी,पडगी
रीलॏलीली,लातेहार
रॏलॏलॏलॏली,इंद्रद्युम
गीऴी,जैना
रीलीप,तिकोने
रॏलॏलॏलॏलॏलॏलॏली,प्रतिक्रियाशील
रॏलॏलॏलील,ग्लेशियरों
रॏलॏलॏलॏलीप,बंगलासाहिब
रीलॏलील,जटिलताओं
रीलॏलील,सुधरने
रीलॏली,ढाणियों
गीऴी,उदुली
रीलीली,लेसूथो
रॏलॏलॏलील,फ्लोरेसेन
गीऴू,पूस
गीऴी,व्हिडिओ
रीलॏलीप,जुनशान
रॏलॏलॏलील,शिगाफ़्ता
रॏलॏलॏलॏलॏलॏलीप,पुनरावलोकन
रीलीली,अश्वाहन
रीलॏलील,डेहरीवाल
गीली,तिसरी
रॏलॏलॏलॏलॏली,डायनामोमीटर
गीऴी,जताने
गीली,नानकी
रॏलॏलॏलॏलॏलॏलॏली,भविष्यवाणियों
रॏलॏलॏलॏलीप,ब्लैंक्सवेड
रॏलॏलॏलीली,महाकौशल
रीलील,शिगारा
रीलॏलील,शताक्षी
गीऴ,साज
रीलीली,आलिशान
रॏलॏलॏलील,सरलागढ़
रीलील,पक्खें
रीलील,फिसले
रीलॏली,सुमंत्र
रीलॏलील,अंतरालों
रॏलॏलॏलॏलॏलीप,ओस्टियोपारोसिस
रॏलॏलॏलील,विलोमरूप
गीऴी,हुनर
रीलॏली,हमशहर
रीलील,झामता
गीऴी,फिजा
रीलीली,एलीशियम
रॏलॏलॏलीली,प्रमोदने
गीली,रिडेल
रीलीली,केलैडॉर
रीलॏलील,वॉरियर
रॏलॏलॏलॏलॏलील,अध्ययनावकाश
गीऴ,फटे
रीलील,सरकार
रीलीली,गढकरी
रॏलॏलॏलॏली,कर्णफूल
रीलीली,गरीबों
रॏलॏलॏलीली,खेलवृत्ति
रीलील,रैकल
रॏलॏलॏलील,काव्यदीप
रॏलॏलॏलॏलॏली,नंगलीगोधा
रीलॏलीप,निएंटिक
रीलॏली,सार्डिन्स
गीली,लिगा
रीलीली,तमीज़ाह
गीऴू,यूएसडीए
रीलॏलील,भरेदवाह
रीलॏलील,पर्सर्स
रीलॏलील,परिमाण
रीलीली,तेजस्वी
रीलीप,खिरयु
गीऴी,डोमेन
रीली,यतीम
रीलीली,दिमागी
गीऴी,ढाणी
रीलॏलील,मिठुराम
रीली,कव्वाल
रॏलॏलॏलीली,रेवनहिल
रीलीप,कक्षाएं
रीलॏलीप,द्रोपदी
रॏलॏलॏलॏलीप,अहमदाबादशी
रीली,जुलना
रॏलॏलॏलॏलॏली,बालाचंदर
रीलॏली,सेलवानी
रॏलॏलॏलॏलॏली,आदमीकिरणों
रीली,कागज़ी
रीलीप,षष्ठ
गीऴी,हाउसेस
रीलीप,सायुष
रॏलॏलॏलॏलॏलॏली,स्मृतिभ्रंस
रीलील,टोबेगो
रीलील,आयोजिक
रीलॏलीप,जीयनपुर
रीलॏलीली,बताएगी
गीऴू,एबीबीएफ
रीलॏलील,नगरसेन
रीलॏली,मोरक्कन
रीलील,ज़िन्दान
गीऴू,ब्राई
गीली,मोलर
रॏलॏलॏलील,पेनिनसुला
गीऴू,क़ाज़ी
गीली,रेक़ा
रीलीली,वालीवा
रीलॏलीप,लिंडले
रीलॏलीली,जनसूचना
गीऴी,वाहें
रॏलॏलॏलीप,कंजेशन
रीलीली,बढ़ाएं
गीऴू,अग्ली
गीऴी,मढ़ी
रॏलॏलॏलीप,लैंडीबाग
रीलीप,जितेगी
गीऴी,हांशी
रीली,चुननी
रीलॏलील,अर्थनीति
गीऴू,पोर्क
गीऴू,डाली
रीलील,अक्कतर
रॏलॏलॏलॏलीप,एफीलिएटिड
रीलीप,मांगें
रीलॏलील,चक्करों
गीली,सेवक
रीलॏलील,बख्ताबर
रीलील,कोशिकीय
रीलील,स्नाइपर
रीलॏलीप,शोल्डर
रीलील,जागकर
गीऴू,अलगू
रीलील,जयसवाल
रॏलॏलॏलील,दुघर्टना
गीऴू,पद्य
रॏलॏलॏलीप,कुसंस्कार
रॏलॏलॏलॏलॏलॏलॏलॏली,मागासलेपणापासून
रीलॏलील,व्यापकता
रॏलॏलॏलॏलॏलीप,हाइड्रोक्वीनाइन
रीलॏलीली,तथामार्ग
गीऴू,अब्रू
रॏलॏलॏलॏलॏलॏली,प्रौढ़प्रौढ़
रीलीप,टाकिया
ग्लू,रिको
गीली,अख़्तर
गीऴी,उड़िसा
रीलॏलील,फुटबल
गीऴी,मोलाह
गीऴ,सीईसी
गीली,रागी
रीलीली,शासकीय
रीलॏलील,मानसिकता
गीली,खटक
रॏलॏलॏलीली,चनागश्ती
गीऴू,वाही
रीलॏलील,एट्रेसिया
रीलीली,कागज़ों
गीऴ,जेन
गीली,रूटे
रीलीली,भयानक
रीलॏलील,सिगनलों
रॏलॏलॏलॏलॏलॏलॏलॏलील,याप्रकरणामध्ये
रॏलॏलॏलॏलीप,वडीलांच्या
गीऴी,सिंह
गीली,बेसिस
रीलील,जैसानी
रॏलॏलॏलॏलॏली,विधानाबाबत
रीलॏलीप,बवंडर
गीऴी,जुहामा
गीली,क्रेस्ट
गीली,नीति
गीऴी,अशोका
रीली,जागती
रॏलॏलॏलॏलॏलॏलील,प्रतिनिधत्व
रीलील,मुल्हेर
रॏलॏलॏलील,जनसूचना
गीऴी,कागज़ी
गीऴ,झर
रुलॏलीली,मेडीसिन
रीलॏलीप,बददिली
गीली,बिराह
रीलीप,नागेश
रीलॏलीली,कात्यायनी
गीऴू,मेंस
गी,कोहे
रॏलॏलॏलीली,गर्भगृह
गीली,झुकना
रीलॏली,शेफर्ड
रॏलॏलॏलॏलॏलीप,वर्चुअलाइज्ड
रॏलॏलॏलॏलॏलॏलॏलॏली,दंप्रसंकीधारा
गीली,रामसे
गीली,गट्टा
रीलॏली,खेतबारी
रीलॏलील,नाजायज़
रीलीली,बरेठा
रीलॏलील,क्षमादान
गीऴू,अग्ली
रॏलॏलॏलॏलॏलॏलॏली,रंगनायकम्मा
रीली,अगस्त
रीलॏलीप,कालोनियों
रॏलॏलॏलॏलील,राघवानंद
गीलू,प्रा
रॏलॏलॏलॏलॏलॏलील,भविष्यवाणियां
गीऴू,मैड्स
रॏलॏलॏलॏलील,बाइप्रोडेक्टस
रीली,तिमिर
रॏलॏलॏलॏलील,रामदेवबाबा
रीलील,उतराई
रीलॏलीप,कादियान
रीलीप,रसना
रॏलॏलॏलील,संपर्कित
रीलॏलील,बरामदों
रीलीप,दिमाग
रीलॏलील,मुख्तार
रीलीली,दुरूह
रॏलॏलॏलॏलीप,वैज्ञानिकों
रॏलॏलॏलील,डिगरियां
रीलीप,बंग्ला
रॏलॏलॏलीली,अल्पवर्षा
गीऴू,ताकि
गीऴ,सोम
रीलीली,अर्थिंग
गीऴ,भीर
रॏलॏलॏलॏलॏलीप,नौसिखियाँ
रीलॏली,शिनाख्त
रीलीली,तौलने
रीलील,राज्यों
रीलॏलीप,गणराज्य
रॏलॏलॏलील,परमगुरु
रीलील,सुखाते
रॏलॏलॏलील,साइम्युलेटेड
रॏलॏलॏलॏलॏलॏलील,सतनालीवासियों
रॏलॏलॏलॏलॏली,कॉमर्शियल्स
रॏलॏलॏलॏलॏलॏली,स्टेनोग्रफर
रीलील,भांदुर
रीलॏलीली,गोपालमठ
गीऴी,गयुआ
रॏलॏलॏलॏली,पेट्रोलियम
रीलीली,महाराणा
रीलीप,भागते
रीलॏली,फेंकने
रीलीप,शमून
रॏलॏलॏलील,हतोत्साहित
गीऴ,जाड़े
रीलीली,तराशी
रीलॏलीली,चलबिचल
रॏलॏलॏलील,शेर्जिगर
रीलीप,सेवना
रीलॏलील,शरारती
रॏलॏलॏलॏलीप,फ्राइडलैंड
रॏलॏलॏलॏलॏली,पिपराकोठी
रीलॏलील,लीकस्टार
रीलॏली,गुफ्तगू
रीलील,सेटों
रीली,बारहों
रॏलॏलॏलॏलील,मुखलेफ़ीन
रॏलॏलॏलील,हिचकिचाते
गीऴ,हॉल्ट
रॏलॏलॏलॏलीप,कुशलेन्द्र
रॏलॏलॏलॏलील,रंगरसिया
गीऴी,दोहरू
रॏलॏलॏलॏलॏलॏली,इंडिपेंडेंस
रीलॏली,सुदिप्ता
रीलीप,भूखों
गीऴी,अकाश
रॏलॏलॏलॏलीप,पार्लियामेंट
रॏलॏलॏलॏलॏलॏलॏली,प्रतिक्रियाशील
रीलील,कव्वाल
गीली,फिजा
रीली,ताजुल
गीऴी,हेनिज
रॏलॏलॏलील,शनिदेवता
गीऴी,गेल
रीलॏली,लौरेट्स
गीऴ,आईआरबी
गीऴ,हाइपो
रीलीली,मोड़कर
गीऴ,उठे
रॏलॏलॏलॏलॏलॏलॏली,सांप्रदायिकता
रीलॏलील,मंगवाना
रीलॏलीप,अलंक्रत
रीलीप,विसंग
रॏलॏलॏलॏली,अर्थतंत्र
रीली,कैनेडी
गीऴी,जड़ता
रॏलॏलॏलॏली,चुनौतियों
रीलॏलीली,समझौते
गीऴ,पुहु
रीलॏलीप,येल्लावा
रीलॏलील,स्त्रोत्र
रीलीली,शावक
रीलीली,तनीशा
रॏलॏलॏलॏलॏलॏलॏलॏलॏलील,महाविद्यालयसम्बद्व
रीली,तेजाब
रॏलॏलॏलीली,शेवरियर
रीलॏलील,कैनबरा
गीऴ,प्रो
गीऴी,बग़ैर
रीलॏली,नजरें
गीऴू,हावत
रीलॏलीप,सुधामय
गीली,नॉक
रीलीली,सवालों
रीलील,लॉरगेट
रॏलॏलॏलॏलील,नक्सलवादी
रॏलॏलॏलॏलॏली,रायरंगपुर
गीऴी,सीडान
गीऴी,स्थित
रॏलॏलॏलॏलीप,तेंदूमंता
रीलीप,राखें
रीऴी,आसमा
रीलीप,बोस्टन
रीलीली,चुनवा
रॏलॏलॏलॏलॏलॏलील,नक्सलवादियों
रीलीली,बुलाकर
रॏलॏलॏलॏलॏलॏलील,प्रतिस्पद्धों
रीलॏली,मासूमों
गीऴू,जियो
रॏलॏलॏलीप,प्रस्तुति
रीलीप,निगोही
रीली,चुनवा
रीलॏलीप,सूचनाऐं
रीली,डुमरा
रॏलॏलॏलील,संस्कारों
रीलॏलीली,भूमंत्र
रॏलॏलॏलील,प्रवृत्त
रीलॏली,नेटवेस्ट
रीलीप,जागने
रीलॏलीप,बताएगी
रीलीली,फुफाटे
रॏलॏलॏलॏलॏली,क्रिकेटरों
रॏलॏलॏलॏलॏली,सेनापतित्व
रॏलॏलॏलॏलॏलॏलॏली,श्रीगंगागनगर
रॏलॏलॏलॏलॏलॏलॏलील,विषमतेविरुद्ध
रीलॏली,ब्रेडले
रीलॏलीप,छुपाऊँ
गीली,रसना
रीलॏलीप,मासूमों
रीलीप,अबाधित
रीलॏली,पिछेती
रीलॏली,निवारण
रॏलॏलॏलीली,गुडरुपारा
रॏलॏलॏलॏलीप,सिंधुघोष
रॏलॏलॏलॏलॏलॏली,अन्तव्र्यवहार
रीलीली,क्वारों
रीलॏलीप,बताऊंगा
रीलीली,घनघोर
रॏलॏलॏलॏली,कुरिन्थियों
रीलीली,निभया
रॏलॏलॏलीली,राखियां
रॏलॏलॏलीप,मधुरेश
रीलॏलीप,लमखगा
गीऴी,मापे
रॏलॏलॏलील,पेपरवेट
गीऴ,पिग
रीलीली,देवदार
रीलॏलील,शारिरिक
गीऴी,झाड़ोल
रीलील,चोर्डिया
रीलॏलीप,कात्यायनी
रीलील,कचौरी
रीलीली,जानकारी
रीलीप,दियास
रीलॏलील,धनार्थी
रीलॏलीली,शहनवाज
रीलीली,उदयराज
रीलीली,परग्रह
रीलीली,उपकरण
रीलॏलील,लयबद्ध
रीलीली,दगाबाज
रीलॏलीप,पुष्पीय
रॏलॏलॏलॏलॏलॏली,बुजुर्गबंधु
रीलॏलील,तपस्विनी
रॏलॏलॏलॏलॏली,सिद्दिकुल्ला
गीऴू,लिगा
रॏलॏलॏलॏलॏलील,धर्मावलम्बी
रीलीली,संसिक्त
रॏलॏलॏलीप,पहुंचना
रीलील,स्वभाव
गीऴ,जोता
रीलील,ऋणके
रीलॏलीली,हैदराबाद
गीऴू,आर्या
रीलॏलील,करलखा
रीलॏलील,अंतकरण
रीलीली,रसना
गीली,अर्जुन
रीलीप,अंहकार
रीलील,शरीर
गीली,बोथेल
गीऴू,क्लेग
रॏलॏलॏलॏलीप,चित्रकारों
गीऴी,पकते
रॏलॏलॏलीप,साउथवेस्ट
रीलॏली,संप्रग
रीलील,रुलाई
रीलॏलीली,अंतकरण
गीऴू,गालव
गीऴ,होल्ड
गीऴी,टाकिया
रीलॏलीप,बलदाऊ
गीऴी,बैंच
रॏलॏलॏलॏलीप,फरमाएँ
रॏलॏलॏलॏली,प्रोफेशन
रीलीप,गोएंडी
रीलील,भरती
गीऴी,लाजिमी
रीलॏली,टाइफून
रॏलॏलॏलीप,दंडपानी
गी,हों
रीलीप,माण्डले
रीलील,छेड़ेंग
रीलॏलीली,जीवंतता
रीली,रैंडी
गी,हुऐ
गीऴी,बंबे
रीलीप,काशाबा
रीलॏलीली,असदउदु्दीन
रीलील,वॉल्टर
रीलीली,मोतीशा
रीलॏली,शैलराज
रॏलॏलॏलीप,करलेंटो
गीऴ,रिन
रीलील,तिसरी
रॏलॏलॏलील,क्षमाशील
गीऴू,पेद्द
रीलॏलील,अनुकूलित
रॏलॏलॏलील,पक्षपाती
रीलॏलीप,धोरणाने
रॏलॏलॏलॏलॏलॏलील,चिरिमिरीसाठी
रीलील,थोपिए
रीलील,कृषि
रॏलॏलॏलीप,मिठाईयों
रॏलॏलॏलॏलॏलॏली,सच्चिदानंदन
रॏलॏलॏलॏलील,शरीरधारी
रॏलॏलॏलॏलील,संवेदनहीन
रीलॏलीली,जलांजलि
रीलॏलीप,अग्निवेश
रॏलॏलॏलील,अर्थनीति
ग्ऴू,हॉप्स
रीलीली,तनसुख
गीऴ,जामे
रीलीली,फुटबल
गीऴी,वेजी
रीली,जानिए
रीली,ज्वारे
गीली,धृक
रीलॏलील,मंजुरल
गीली,बिरसा
रॏलॏलॏलीप,प्रोटोकोल
रॏलॏलॏलीप,सुन्नियों
रीलीप,चाटते
रॏलॏलॏलीप,सभागणों
गीऴू,ड्राई
गीऴी,फ्लेक्स
रीलॏलीप,समाधि
रीलॏलीप,पलक्कड
रॏलॏलॏलॏलॏली,व्यभिचारकी
रॏलॏलॏलॏलॏलील,धर्मादायकडे
रीली,किसान
गीली,गुप्ता
रीलॏलीप,दुकानें
रॏलॏलॏलॏली,रिकार्डर्स
रीलॏलील,भुलाकर
गीऴ,वोका
रीलॏलील,टकराता
रीलीली,बर्कली
रीली,जन्नत
गीली,गोएथे
रॏलॏलॏलीली,गांधीपेठ
रीलीली,वोधगया
रीलॏलील,बिल्डआउट
रीली,बक्सर
रीलील,क्रूज़
गीऴी,साजों
रीलील,गोएथे
रीलीली,उपद्रव
गीऴू,क्यूबा
रीलॏलीप,मांगीबाई
गी,फु
रॏलॏलॏलॏलील,मूलवासियों
गीली,वावरे
रीलीप,बाबाज़
गीली,पियरे
गीली,गुर्दा
रीलॏलील,परिमाण
रॏलॏलॏलॏलॏलॏलील,पथकांमधील
गीऴी,कागज़ी
रॏलॏलॏलॏलॏलॏली,उद्योगिकीकरण
गीऴी,स्वेट
गीऴू,रागी
गीली,विट्टु
रीलीली,खनिकों
रॏलॏलॏलॏली,पहुंचना
ग्लू,जूडी
रीलीली,सकलिंग
गीऴी,बागा
रीलॏलील,ढूंढते
गीऴ,पीडीएस
रीली,गुजरा
रॏलॏलॏलॏलीप,नामांतरण
गीली,नाचो
रॏलॏलॏलॏलीप,पैरामोटर्स
गीऴू,रीड
रीली,बलेगा
रीलॏलील,सेरालिनी
रीलीली,झालावाड़
रीलीप,स्मूथ
रीलीली,मक्कारी
रॏलॏलॏलॏलॏली,आशीर्वचन
रीलॏलीप,जुईकलां
रीलॏलील,श्यामदेव
गीऴू,इंदू
रॏलॏलॏलॏलीली,विरोधाभास
रीलीप,हत्याएं
रीलॏलील,देवरिपु
रीलॏली,मैगजिन
रीलॏलील,कोकराझार
गीऴ,हत्था
गीऴी,सोमान
रीलॏलीप,चौंसठ
रीलीप,बच्चों
रॏलॏलॏलॏली,परभौलिक
रीलीप,बंडल
रॏलॏलॏलॏलॏलील,सुरसाधकों
रॏलॏलॏलॏलॏली,महिलाओंपैर
रीली,उड़िसा
रॏलॏलॏलॏलॏलीप,उपलब्धियां
रीलील,नरेगा
रीली,जॉइंट्स
रॏलॏलॏलॏलॏलीप,उद्देश्यपरक
रीली,जसीला
गीऴी,दहला
गीऴी,सेवेल
रॏलॏलॏलॏली,महाविद्याओं
गीली,कोरम
रीलॏली,पेनल्टी
रॏलॏलॏलीली,रंगारंग
रीलॏलीप,उकसाया
गीऴू,बीडीएसएम
गीऴ,प्रा
गीऴी,भाभी
रॏलॏलॏलीप,ब्रह्माणी
रॏलॏलॏलीली,महाश्मशान
रॏलॏलॏलॏलॏलॏलॏली,रोडपर्यंतच्या
गी,ऋ
गीली,भेलडी
रीलॏलीप,जयदीप
रीलॏलीप,बिखरने
गीऴी,मुंह
रॏलॏलॏलॏलॏलील,स्थलांतरण
रॏलॏलॏलॏलॏलीप,हाईपरटेंशन
रॏलॏलॏलॏलॏलॏली,हिमायतपुरधाम
रीलीली,दैवज्ञ
गीऴी,द्वेश
रीलील,पहलवी
रीलॏलील,पॉपुलर्स
रीलॏलीप,पंडालों
रीली,अपनाना
रीलॏली,ग्रंथो
रीलीप,मकोड़े
रीली,जड़ता
रीली,भूखे
ग्ऴू,कॉन्ग
रॏलॏलॏलॏलीप,ज्योंतिर्लिग
रीलीप,इनायल
रीलॏलील,जलांजलि
रीलॏलील,चोरविद्या
गीऴू,चारे
रीलील,बरेली
गीऴी,ओछी
रॏलॏलॏलॏलॏलॏलील,प्रतिनिधिगण
रीलॏलीली,यशोमति
रीलॏलीली,निखरता
रीलॏलील,फैलाकर
गीऴी,जायल
गीऴू,स्किप
रॏलॏलॏलील,महोत्सनव
गीऴू,बीबीएयू
रीलॏलील,हयग्रीव
रीलील,दगाबाज
गीऴू,हॉल्ट
रॏलॏलॏलॏली,निकालतीं
रीलील,खासकर
रॏलॏलॏलील,सुनागरिक
रीलॏलील,शरीरों
गीऴू,दाली
रीलीली,अहमियत
गीऴ,खोर
गीऴू,हक्का
रीलॏलीप,गंजेपन
गीली,कुचू
रीलील,अखबारी
गीऴी,कोनों
रीलील,सनसेक्स
रॏलॏलॏलॏलॏलॏली,कंप्रिहेंसिव
गी,डीएन
रीलील,कशरत
रॏलॏलॏलील,काबिलियत
गीलू,ट्रिम
रॏलॏलॏलॏली,वृत्तियों
गीली,सिंडी
गीली,दियास
रीलीली,महोत्साह
गीऴी,लेबिल
रॏलॏलॏलील,मंगरैला
रॏलॏलॏलील,कलावलय
गीऴ,बध
रीलीली,दिमागों
रॏलॏलॏलॏलीप,कार्डिनलों
रीलीप,ब्लागवा
रीलीली,सौराव
रॏलॏलॏलॏलीप,धुंधलापन
रीलीली,टांगने
गीऴ,एमडीओ
रीलॏलीली,जुगाड़ुओं
गीली,पैंठ
रीलील,डेरियस
गीऴी,टेढ़ी
रॏलॏलॏलॏली,रिस्पोंड
गीली,कर्ता
रीलील,पिछड़
रीलॏली,गार्टनर
गीऴू,एदुल
गीऴी,नज्द
रीलील,च्रप्पे
गी,अवि
रॏलॏलॏलील,श्रीरूपा
रीलॏलील,व्रतराज
रीली,छपरा
गीऴी,एनएमडीसी
रीलॏलील,समतोलिया
गीऴी,टीच
रीलीप,हैनरी
रीली,धनोप
रॏलॏलॏलॏलीप,वैमनस्यता
रीलॏलीप,पैदाईश
गीऴू,इविन
गीऴ,एजाज
रीलॏलीप,सक्तिचे
रॏलॏलॏलील,अश्वगमेध
गीली,महेश
गीऴ,साहा
गीऴी,जुलना
रीलील,मेंजरा
रीलील,भट्टाल
रॏलॏलॏलॏलील,राघवानंद
रॏलॏलॏलॏलॏलॏलील,सुरक्षिततेत
रॏलॏलॏलॏली,निवेशकों
रीलॏली,जननेता
रीलीप,अनोखें
रीलीप,चुंबन
रीलीली,काउंटर
रीलॏलीप,जिनालय
रीलीप,नौगाट
रॏलॏलॏलीली,नक्सलवादी
रीलॏलीप,बनकटा
गीऴी,पद्य
गीऴ,वेद
रीलॏलीप,बर्बिल
रीलॏलील,निवारण
रीलीप,नजरें
रीलीप,तैयब
रीलील,क्रोकर
रीलॏलीप,टेरेंस
रॏलॏलॏलीप,गिड़गिड़ाने
रीलील,जाजपुर
गीली,कोरम
रीली,पथरी
रीलील,स्थिति
रीलील,थिएटर
रॏलॏलॏलीप,मनुश्येर
गीऴी,योहान
रीलॏलील,राखियों
रीलीप,बैनेट
रीलॏलील,राजनेतिक
ग्ऴू,होशो
रीलीली,अनुकूल
रीलीली,ऋषभ
रीलॏलील,मंगोलिया
गी,एचजेटी
रॏलॏलॏलील,महाराजाओं
गीऴ,धून
गीली,क्वांर
रीलॏलील,लरिजानी
गीऴू,छुपे
गीऴू,वर्ट
रॏलॏलॏलॏली,चरंजीलाल
रीलीली,साझेदार
रॏलॏलॏलॏलॏली,सिंधुघोष
रॏलॏलॏलील,संस्तुति
रॏलॏलॏलॏली,तिरस्कृत
गीली,होक्विन
रीलील,वडवज
गीली,पिपलु
रीलॏलीली,रिहायशी
गीली,यूएमआईएसटी
रॏलॏलॏलॏलीप,संक्रांति
रॏलॏलॏलॏलॏली,प्रसंस्कृत
रीली,बबीना
रीलॏली,श्रीनील
रीलीप,आसानी
रीलॏलील,प्रस्ताव
रीलॏलीप,फार्मिंग
रीलॏलीली,तराशने
रीलॏलील,आनंदिता
रीलीप,यांगोन
रीलॏलीप,निहारती
रीलॏलील,मालिकाना
ग्लू,कोयुम
गीऴ,रैप
गीली,मेरा
गी,जाओ
गीऴू,गुंज
गीऴी,ओलादे
रीलॏलीली,सूत्रपात
गीली,तेंदू
रीलॏली,हरयाणवी
रीलॏलील,अवधियां
रीलीली,माण्डले
गीऴू,डेट
गीली,लायंस
रीलॏली,मोतीराम
रीलीली,कल्पना
रीलॏलीप,जंजीरें
गीऴ,डीआरएस
रीलॏली,सेवियों
रीलीली,एकरमैन
रॏलॏलॏलॏलॏलॏलॏली,राज्यमन्त्रियों
रीलील,पुश्चा
गीऴू,हत्था
रीलीली,सूचकों
रीलॏलील,अभिनत्री
रॏलॏलॏलॏलील,रिजॉल्यूशन
रीलीप,एंटेना
रॏलॏलॏलीली,कोकराझार
रीलॏलीप,मजेदार
गीऴी,जनाब
रॏलॏलॏलॏलील,आविष्कारों
रीलील,जुलना
रीलील,फैराज
रीलील,सिट्रीन
गीली,क्रीट
रॏलॏलॏलॏलॏलील,सर्वकुलपति
रीली,पांधा
रॏलॏलॏलीप,नन्जनगुड
रीली,सेमुर
रॏलॏलॏलील,परीक्षण
रॏलॏलॏलॏलीप,सुजितसिंह
रीलीप,जागती
रीलीप,कोल्लम
रीलीप,मैलसन
रॏलॏलॏलील,सज्जाकोठी
रॏलॏलॏलॏलॏली,वैज्ञानिकों
रीलीली,लैंगिक
रीलील,उभारों
रॏलॏलॏलील,ब्लॉगरों
रीलॏलीली,जब्बीवाले
रीलील,रास्ताद
री,जो
रीलॏलीप,बासवान्ना
रॏलॏलॏलॏलॏलील,सार्वभौमिक
रॏलॏलॏलीली,ध्वजपूजन
रीली,नाश्ते
रीलॏलीप,गोलमगोल
रॏलॏलॏलीली,लक्षमण
रीली,मुर्सी
रीलॏलील,वालेकुम
रीलीली,पुष्पीय
रॏलॏलॏलॏली,निरुपमा
रॏलॏलॏलॏलीप,कंजेशन
रीलील,पिछड़
रॏलॏलॏलील,मोएर्सबोरो
रीलॏलील,भास्करन
रीलील,कशिश
रीलीली,खूनात
रीलीली,घूमाने
रॏलॏलॏलॏलॏलील,माध्यमांकडे
रीलीली,कनेक्ट
रीलील,डेरियस
रीलीली,तिमाही
रीलील,शिवत्व
रॏलॏलॏलॏलॏलॏलीप,इन्वेस्टिगेशन
रॏलॏलॏलॏलील,सिद्धासिद्ध
रॏलॏलॏलीप,ढूंढते
गीली,बलात
गीली,सोशल
रीलॏलीप,छानकर
रीलॏलीप,रिश्तों
रीलील,तलाथी
रीलील,ट्रकों
गीऴ,नित
रीलीली,टकराने
रॏलॏलॏलॏली,बेरिस्ट्री
रीलीली,मसाज
रीलॏलील,स्टैलोन
रीली,बजाना
रीलॏलीप,रईसी
रीलॏलीली,ज़िन्दानी
रीलीली,खनिकों
रीलॏलीप,बिन्जासर
रीलॏलीप,चंदीदीन
रीलॏलील,परतदार
रीली,उगती
रीलॏलीप,चौंकती
रॏलॏलॏलॏलॏलीप,रंगरसिया
गीऴी,दामन
रीलील,दुपट्टा
रीलीप,हरदम
रीलील,इलाजों
रीलीप,बंबे
रॏलॏलॏलॏलीप,दंभभरे
गीऴू,नव्य
रॏलॏलॏलॏलॏलीप,पोलीफिनोलिक
रीलीली,दफनाई
रीली,जामवाल
गीली,करै
गीऴी,डेट्स
रीलील,वारविक
गीऴू,हपाग
रॏलॏलॏलॏली,संस्कारित
गीऴ,भाऊ
रॏलॏलॏलॏलॏली,एंटीऑक्सिडेंट
रॏलॏलॏलॏलीप,नन्नेचोड
रीलील,मुट्ठी
रॏलॏलॏलॏलॏलॏलॏली,चर्चासत्रांचे
रीलील,डूबकर
रॏलॏलॏली,विकेके
रॏलॏलॏलीप,पंछियों
रॏलॏलॏलीली,संभालनी
रॏलॏलॏलॏलीप,रुद्रामणि
रॏलॏलॏलॏली,मानतुल्लाह
रीलॏलीप,डिफाइनर
गीऴी,धनी
रीलीली,नृत्य
रॏलॏलॏलील,जयशंकर
रीलॏलीली,जियांगशान
गीली,अंबर
रीलील,वैष्णो
रॏलॏलॏलीली,अपमिश्रण
रीलील,तुर्की
रीलॏली,मौरीन
रीलॏलीप,कसौंदी
रॏलॏलॏलॏलॏलीप,संवेदनहीन
रीलीप,गर्जन
गीऴी,भुगती
रीलॏलील,फेरेजोल
रीली,घूमते
रीलील,परवान
रीलॏलीली,फरिश्ते
रॏलॏलॏलील,मानसिकता
रीलीली,लिखने
रॏलॏलॏलॏलॏलील,प्रत्यक्षिके
गीली,विद्या
रॏलॏलॏलॏलॏली,राजतंत्रीय
गीऴी,केसों
रॏलॏलॏलॏलॏलॏली,इंडिपेंडेंट
रॏलॏलॏलॏलील,निवारणीय
रीलीप,यारों
रॏलॏलॏलॏलॏलीप,रीहैबिलेशन
रीलॏलीप,खमरिया
रीली,छूती
रीलीप,बाल्टिक
रीलीप,भूतहा
रॏलॏलॏलॏलॏलॏली,संकल्पकर्ता
रीलीली,इसरार
रॏलॏलॏलॏलीप,भद्रकुमार
गीऴ,बेब
रॏलॏलॏलॏली,पाइरेथ्रम
गीऴी,लल्लू
रीली,अंजीत
गीली,सुइट्स
गीली,तरफ
रीली,डिएगो
रीलॏलीप,सवालिया
रीलीली,सैपल्स
रॏलॏलॏलीप,निवारणीय
रॏलॏलॏलॏलीप,तेलीगुंडरा
गीली,अरस्तू
गीली,बजाई
रीलॏलीप,रिवेंज
रीलॏलीली,जटिलताओं
गीऴी,इर्ला
रीलॏलीप,नेत्रहीन
रीलील,अखबारो
रीलीली,उपस्थित
रीलॏलील,प्रपथे
गीऴी,नेहीं
गीऴू,गिरे
रीलॏलीली,आधिपत्य
गीऴी,कांटे
रीलॏलील,आजादनगर
रीलॏलीप,मंजिलों
गीऴ,सेट
रॏलॏलॏलॏलील,अस्पृश्यता
रॏलॏलॏलॏलील,जानकारियां
रॏलॏलॏलीली,संचारित
गीऴी,बीकन
गीली,रोमेल
रीलील,जैक्सन
रीलॏली,इनवेंट्स
रीली,चित्ती
रीलॏलील,सकलिंग
रीलॏलील,अक्षरशः
गीऴी,दाली
रीलीप,चलाकी
रीलील,रैपर
रीलीप,मासूम
गीऴी,आदत
रीलॏलीली,कवयित्री
रीलील,जयदीप
रॏलॏलॏलीप,बजीरबॉडी
रॏलॏलॏलील,समझौते
रीलॏली,ढूंढें
गीऴी,भाग्य
रॏलॏलॏलील,कुसुम्मटी
रीलॏलीप,गुंजयाल
गीऴू,धोते
रीलीप,सुनीत
रॏलॏलॏलीली,धरतीवाले
रीलीली,पीपाजी
रीलीप,हैकनी
रॏलॏलॏलॏलीप,अनसेंसर्ड
रॏलॏलॏलॏलॏलॏलॏली,प्रतिनिधिगण
रीलीली,कांडला
रॏलॏलॏलॏलॏली,एक्जीक्यूटिव
गीऴ,चेज
गीऴू,पुते
रॏलॏलॏलॏलॏलॏलॏलॏली,मिथ्याज्ञानाभिमान
रीलीप,वैक्स्ड
गीऴू,मढ़ी
रीलील,इठलाती
रीलीली,तेजस्वी
रॏलॏलॏलॏलॏलॏलॏलील,उत्तरप्रदेशचे
गीऴू,खता
रीलीप,इनसाइट
रॏलॏलॏलॏलील,खर्चातील
रॏलॏलॏलॏलॏलीप,रायपुरियंस
रीली,डाकिया
रीलॏली,सिकुड़ता
रीलीली,कचौरी
रीलॏली,इनलोगों
रॏलॏलॏलीप,मंजीरे
रीलील,डेप्यूटी
रीलॏली,सेन्डिनो
रीलील,कटहल
गीऴू,फैज
रीलीप,सेलीना
गीऴू,मैश
गीऴू,अमोद
रीलील,आवंटित
रीलीली,अलहवाली
रॏलॏलॏलील,तरकुजोरी
गीली,स्वेट
गीली,खुलई
गीऴी,दहला
रॏलॏलॏलॏलील,आविष्कारों
रीलॏली,डेस्टीनी
गीली,जाविद
रॏलॏलॏलीली,श्रद्धेय
रीलॏलील,इंगावाले
रॏलॏलॏलॏली,शराबियों
रीलॏली,कैनेडी
गीली,पलाश
रीलीली,होमपेज
रीलॏलील,तारकोल
रीलॏलील,विंटर्स
रॏलॏलॏलॏलॏलॏलील,नक्सलवादियों
रॏलॏलॏलॏलॏलीप,व्यवस्थापक
रीलॏलील,निजामपुर
रीलील,फासिस्ट
रॏलॏलॏलॏलॏलील,इतिहासवेत्ताओं
रीलीप,बैटमैन
रीलीली,ग्लेशियर
गीऴ,नाज
रीलीली,रेंगती
रॏलॏलॏलॏलॏली,प्राप्तकर्ता
रीलीप,चाटने
रीलील,बोधगया
गीऴू,डाला
रीलॏलील,होरीलगंज
रीलील,सिखाना
रॏलॏलॏलॏलॏलॏलॏलॏली,नाट्यसंस्थांच्या
गी,च
रॏलॏलॏलील,ब्रोमविच
रॏलॏलॏलॏलॏलॏली,लैक्टोबेसिलस
गीऴ,एएमएल
गीऴी,लागु
रॏलॏलॏलीप,बधाईयां
गीली,सेसना
रीलील,स्तोत्र
रॏलॏलॏलॏलील,सपथपत्र
रीलील,चंदर
गीली,ऋर्षि
रीलॏलीप,संजीदा
गीऴू,नोवा
गीऴू,फैज
रॏलॏलॏलॏलॏलॏली,संस्थानहित
गीऴी,जीनी
रीलॏली,बुलियन
रीलीप,खब्बू
रॏलॏलॏलॏली,क्रिस्टकिंड
गीऴी,थैंक
रीलीप,जोशाबा
रॏलॏलॏलॏलीप,विरोधियों
रॏलॏलॏलीप,मार्टेली
रीलीप,ढकना
रीलॏलीली,हैदराबाद
रॏलॏलॏलॏलॏलॏलीप,राजेंद्रनगर
रॏलॏलॏलॏलीप,पायाभरणी
रीलीली,कैनबरा
रीलॏली,प्रोजैक्ट
गीली,फंड्स
गीऴू,अबुल
गीऴ,बीडीएस
रॏलॏलॏलील,सलाहियत
रीलील,रोमेरो
रॏलॏलॏलील,कलिप्रिया
गीऴू,मोला
रीलील,सोयरत
रॏलॏलॏलॏलॏलील,सर्वस्वरूपा
रॏलॏलॏलील,हरयाणवी
गीऴी,ढोलक
रीलीली,ललकारा
रॏलॏलॏलॏलील,प्रक्षेपित
रॏलॏलॏलीप,सरंचना
गीऴू,सेट्स
रीलॏली,खेलतें
रीलीली,मैकलूहान
गीऴू,येल
रीली,लगार
रॏलॏलॏलील,शिवचरण
गीली,ज्वारे
रीलॏलील,अपमार्जक
गीऴी,वनम
रीलॏलील,मडियाहूं
रॏलॏलॏलॏलॏलॏलॏलील,परिवर्तनशील
रॏलॏलॏलॏलॏली,प्रगतिशील
गीऴी,कतई
रीलील,सिस्टल
रॏलॏलॏलॏलॏलीप,अलेक्संद्रिनी
गीली,दमित
रीलॏलील,दिलवाए
रीलीप,झेलते
रीलीप,जड़ता
रॏलॏलॏलॏलॏली,अस्वच्छकारों
गीलू,क्रूज़
रीलीली,मुगाबे
गीऴी,मैया
रॏलॏलॏलॏली,मनालीमें
रीलीली,सैकडो
गीली,जेरी
रीलॏलीप,साल्हावास
रीली,तात्या
गीऴू,अशोक
गीली,एल्डर
रीलॏलीप,नॉर्डकाप
ग्ऴू,भूल
गीली,ट्यूनर
रीली,हैपनिन
रीलॏलीप,सदक़ात
रॏलॏलॏलॏलॏलॏलॏलील,किशोरकिशोरियों
रीलॏलीप,मेजबानों
गीऴी,हवास
रीलीप,अनरसा
रीलीली,बचाएं
रीलील,उपद्रव
रीलॏलीली,कदमताल
रॏलॏलॏलॏलीली,सार्वभौमिक
गीऴू,ऐली
गीऴी,कोडेड
रॏलॏलॏलॏलील,लक्ष्म्यादि
रीलॏलील,प्रखंड
रॏलॏलॏलॏलॏली,पगरखियाँ
गीऴी,माेहाली
रीलीली,वेदर
गीऴी,कांटा
गीऴू,इंडी
रीलील,बेथानी
रीलील,शराब
रॏलॏलॏलॏलीप,टिमटिमाते
रीलॏलील,शकुंतला
रीलॏलील,धुंआधार
रीलॏलील,निवेशित
रॏलॏलॏलीली,छायाग्रह
रीलीप,नेताओं
रीलॏली,वहनीय
रीलीली,बेधखल
गीली,बहरोड़
रीलीली,तगेपुर
रीलॏलील,सुमंत्र
गी,हुड
रीलॏली,पायरेट्स
गीऴी,शोबक
रीलीली,सरनाडा
रीलीली,मैलकम
रीलील,सैटर्न
रीलील,पथरी
रीलॏलील,अप्रूवर
रीलील,एल्मर्स
रीलॏलीली,सशंकित
रॏलॏलॏलॏलॏलॏली,अतिवृष्टियों
रीलील,टाइटर्स
गीऴी,माडल
रीलीप,पुजीत
रीलीप,संख्य
रॏलॏलॏलॏलीप,गणतांत्रिक
रीलॏलील,कोशिकीय
रॏलॏलॏलॏलॏली,बीरुपक्ष्या
रीलील,क्वापिस
रॏलॏलॏलॏलॏलॏलीप,दुकानरदारों
रीलॏलीप,परछाई
ग्लू,सोनो
गीऴ,केस
रीलॏलीली,साधेवाला
रॏलॏलॏलीली,चित्रकारों
रॏलॏलॏलॏलील,योगक्षेमम
रॏलॏलॏलॏलॏलॏलील,तेरातनाचाई
रॏलॏलॏलीप,सत्यवीर
रीलीली,लड़ाकों
रीलॏली,बताएगी
गीऴ,यूटीसी
गीऴू,सीट
गीली,प्रूप
गीऴू,सप्त
रॏलॏलॏलॏलॏलॏलॏली,दिग्दर्शकाच्या
गीऴी,एडॉल्फ
रीलॏलील,वर्तांत
गीली,मोड़ने
रीलीप,सैंगी
रीलीली,हॉस्टलों
गीऴी,बैली
गीऴू,मैन्यू
गीऴू,निक
रीलॏली,होल्मग्रेन
रीली,सोशल
रीऴी,हंसजी
रॏलॏलॏलीली,रामजुवारी
रीलील,घुसपैठ
रीलीप,मैनुएल
रीलीली,मोसाडिक
रॏलॏलॏलीप,फ्रांसेंज
गीऴी,बॉयल
रीलीली,संख्य
रॏलॏलॏलॏलीप,बतलाएगी
रीलीप,इतालवी
रीलीली,अंगीठी
रीलील,पुतलों
रॏलॏलॏलॏलॏलॏलॏलॏली,नार्थेंपटनशायर
रॏलॏलॏलील,एलोपिशिया
रॏलॏलॏलील,कर्नाटक
रीलॏलीली,सत्यांश
रीलील,जानकारी
रीलॏलील,पूराना
रीलीली,अलकायदा
रीलॏलील,चौबेपुर
रीलीली,सुधीश
रीलॏली,अवधियां
गीली,बोरोन
रीलॏलीप,नेमसेक
रीलीप,सिकुड़ा
रीलील,छिपते
रॏलॏलॏलीप,गुणकरण
रॏलॏलॏलीली,उपलब्धता
रॏलॏलॏलॏलीप,संयुक्तता
रॏलॏलॏली,रायटर
ग्लू,पीयूसीएल
गीली,फोबिया
रॏलॏलॏलीप,वृत्तियों
रीलीप,कोल्लम
रॏलॏलॏलॏलॏलॏलॏलॏलील,शिवेंद्रराजेंनीही
रॏलॏलॏलॏलीप,तेजवीरसिंह
रॏलॏलॏलॏलीप,शहरीकरण
रॏलॏलॏलॏलॏली,अपारंपरिक
गीऴू,हटना
रीलॏली,मुंढेर
रीलॏलीप,ऑकलैंड
गीली,दुसरे
गीली,आईटीईईएस
रॏलॏलॏलॏली,चरमपन्थ
रीलॏली,मुसम्मी
रीलॏलील,थैलियां
रॏलॏलॏलॏलॏलॏली,गाइनकॉलजिस्ट
गीऴू,मैन्यू
रीलीली,क्रोकर
गीऴी,झापड़
रीलॏलीली,वकांग्रेस
रॏलॏलॏलीप,इन्फेंट्री
गीऴी,शोभू
रॏलॏलॏलॏलॏली,उपभोक्तावादी
रीलॏलील,रैपर
गीऴी,डाउट
रॏलॏलॏलॏलॏली,वास्तुनिर्माण
रीलील,रेजिंग
रॏलॏलॏलॏली,संस्कारो
रीलील,सुझाओ
रीलील,वज़ीरा
रीलॏलील,आडंबरों
रॏलॏलॏलील,परवालों
रीलीली,भावनाएं
रॏलॏलॏलीप,शान्तिराप
रीलील,भूआपुर
गीऴू,तोता
रीलॏलीप,प्रोड्यूस
रीलॏलीली,व्यापकता
रीलीप,तलिसा
रीलॏलील,धुंआधार
गीऴ,गेल
रॏलॏलॏलीप,सेबास्टियन
रीलील,जैकमैन
रीलॏलीप,वंडर्स
गीऴी,फॉल्ट
रीलॏली,क्रोकर
रीलील,गोष्ठी
रीलॏली,लुसिफर
गीऴी,इकबाल
रॏलॏलॏलॏलील,आशीर्वचन
रीलीप,फालना
रीलीली,तारकोल
रॏलॏलॏलील,लंगड़ाकर
गीऴू,पियर
रॏलॏलॏलॏलॏलॏली,प्रतिस्पर्द्धा
गीऴू,डक्ट
रीलॏलीली,शर्करक
रॏलॏलॏलीली,स्टीमुलेंट
रॏलॏलॏलील,कुमार्गीय
गीली,टायलेट
गीली,मुबई
रॏलॏलॏलॏली,महागणपति
गीली,अशक्त
रीलॏलीप,ज्युडिसियल
रीलील,गुरबिर
रॏलॏलॏलॏलॏली,क्लॉस्ट्राडियम
रीलील,बोधली
रॏलॏलॏलॏलॏलॏलॏलॏलील,स्वयंमूल्यमापन
रीलॏलील,सर्वोदय
गीऴी,हाईटेक
रॏलॏलॏलीप,कमिटी
रीलीप,वर्षा
रीलॏलीप,हॉर्नबिल
रीली,चर्नी
रॏलॏलॏलील,गर्भगृह
रीलॏलील,सत्यवीर
रीलॏली,पोटनियम
रीलील,सैटर्न
गीऴ,इनु
रॏलॏलॏलील,पाञ्चजन्य
रीलीप,दूसरी
रीलॏली,अवधियों
रॏलॏलॏलीली,संचांची
गीऴू,डटे
गीऴी,जड़ी
रॏलॏलॏलील,खैरुल्लाह
गीऴी,हक्का
रीलॏलील,भव्यतम
गीऴू,हिलाल
गीऴी,शहर
रीलीप,डालती
रीलीली,गुणदोष
गीऴ,गर
रीलॏलील,मनकोटिया
रॏलॏलॏलीली,अखंडानंद
रीलील,स्टीमर
गीऴू,सीएसआईआर
गीली,मापता
रीलीली,तबस्सुम
रीलॏलील,वेल्फर्स
रीलॏलील,फलदायक
गीऴू,फ्यूज
रीलील,अल्घेरो
रॏलॏलॏलीप,उल्लाउद्दीन
गीऴ,पाओ
गीऴू,नाते
रीलॏलीप,बिठवाया
रीलॏलील,आलूबड़े
रीली,छेड़ते
रीलील,विराग
रीलॏलील,रसायन
रीलॏलीली,मंजिलों
रीलॏलील,खिसककर
गीऴी,लोई
गीऴ,घिस
रीलॏलील,बुरेल
रीलॏलीली,एकात्मकता
गीली,एनआरटीटी
गीऴू,अरसे
रॏलॏलॏलॏलॏलीप,क्रान्तिवीरों
रॏलॏलॏलील,शरारतों
गीऴी,दुखी
रीलॏली,उछलने
रीलीली,शुभिता
गीली,जैकर
रीलॏलील,कांग्रेय
रीलॏलीप,गिरीराज
गी,एसएफ
रॏलॏलॏलॏलॏली,खालेमुरवेंड
गीली,फिसल
रीलॏलीली,शरारतों
रॏलॏलॏलॏलॏली,पेपरवेट
गीऴ,भुज
रीली,बाघिन
रीली,हमदम
गीऴी,हथक
रॏलॏलॏलॏलील,प्रतापगढ़
गीली,कोचों
रॏलॏलॏलॏलॏली,बख्शीशनामा
रॏलॏलॏलॏली,नीलांबर
रॏलॏलॏलीप,आधुनिकता
रॏलॏलॏलॏली,चैनलवाले
गीली,नाभि
रीलील,लेटते
रीलॏलीली,लुभावने
रीलीली,पतीला
गीली,रूपए
गीली,एलेक्सी
गीऴी,ताकि
रीलील,स्वमेव
रॏलॏलॏलॏलॏली,कुटुंबकम्
रीलॏलील,परात्पर
रीलीली,पुतलों
रीलीली,खैराड़ी
रॏलॏलॏलीप,स्टॉपड्रॉप
रीलील,ललकार
रॏलॏलॏलीली,अधिकतकम
रीलॏलील,ग्रंथों
रीलील,छेड़ते
रॏलॏलॏलील,प्रपोर्टी
रॏलॏलॏलॏलील,बूथपालकों
गीऴी,संके
गीली,शीरा
रॏलॏलॏलॏलीप,गोमतीनगर
गी,गऊ
रॏलॏलॏलीली,गलतफहमी
रीलीली,बच्चों
रॏलॏलॏलॏलॏलॏलॏली,अंडरग्रेजुएट्स
रीलॏलील,चंद्रमा
रीलील,खुसरो
रीलॏलीप,वालेकुम
रॏलॏलॏलॏलीप,संदेहजनक
रीलॏलीली,सुलझाया
रीलीली,दर्शाई
रीली,बैलों
रॏलॏलॏलॏलील,चित्रवृति
रीलॏलील,रिहायशी
गी,हूँ
रीलॏलील,गुलुकारा
रीलॏलीप,मुखौटे
रीलॏलीली,कृष्णम
गीऴी,लॉच
रीलीप,घूमते
गीऴी,मासी
रीलॏलीप,कुंजीजाल
गीऴू,भाले
रीलॏलील,नाट्यदल
रीली,विन्नी
रीलॏलीप,भर्तवान
गीऴी,चित्त
गीऴी,चेकिया
रीलॏलीप,रामनाम
रीलील,फैलता
गीऴू,नेवा
गीली,कोटली
रॏलॏलॏलील,महागणपति
रॏलॏलॏलीप,पहुंचाती
रीलीली,मस्ताना
ग्ऴू,आईसीसीएल
गीऴ,लोई
गीली,नव्य
रीलॏलीप,अनुकूलित
रीलीप,नजरिए
रीलॏली,सुपार्तो
रीऴी,खात्मे
गीऴी,हटने
रीलॏलील,फैलता
गीली,ढकना
रीलॏलीप,सोमधारा
गीऴी,ताजुल
रॏलॏलॏलीप,थैलियां
रीलीप,भूचाल
रीलॏलीप,वेदियां
रीलॏली,भूचाल
रीलॏलील,निकालते
रीलॏलीप,सुलझाया
गीऴी,लाओगे
रीलीली,ईसबगोल
रीलॏलील,डोंगराने
गीऴ,हिसा
रीलीप,डैसिन
रीलॏली,पेप्साइड
रीलॏलील,तारामुख
रीलॏलील,दल्लूडीह
रीलीली,अन्यत्र
रीलॏलीप,मिचलाने
गीऴू,गेना
रीलॏलीली,शहरियों
रीलॏलील,समर्थित
रीलॏलील,बॉक्सरों
रीलीली,बनवाए
रीलॏलील,बाबासाहेब
गीऴ,ह्यूअर
रीलीप,डिकेन
रीलीप,रेजर
गीऴ,झर
रॏलॏलॏलीली,रीगेनिंग
रीलॏलील,माॅरिशस
रीलील,लहंगा
रॏलॏलॏलील,प्रोएक्टिवा
रीलीली,पोएम्सल
रीलील,सिनरम
रीलॏलीप,अनाथिनी
गीली,जॉकी
रीलीप,बढ़ाएं
ग्ऴू,जोड़ी
रीलॏलील,मज़ेदार
गीली,व्हेयर
रीलॏलील,खड़गपुर
गीऴू,मेरा
रॏलॏलॏलॏलॏलॏली,टेलिमेडिसीन
रीलॏलील,समोरची
रीलील,संचय
रॏलॏलॏलॏलीप,ब्यौहारबाग
रॏलॏलॏलॏली,टीडब्ल्यूबी
रीलीली,कबहूं
रीलीप,बॉयलर
गीऴ,दाम
रॏलॏलॏलील,हतोस्ताहित
रीली,अलगाव
रीली,गोटोली
गीऴू,जहर
गीऴी,नाचो
गीऴी,जैकी
रॏलॏलॏलीप,व्हाइटबेट
रीलील,सुलतान
गीली,जोशुआ
रीली,गंडक
रॏलॏलॏलीप,दिंडोर्ले
रीलॏली,दरियाई
रीलील,वृत्त
रीलील,रामसे
रीलॏलीली,शासकीय
गीलू,फ्यूरा
रीलीप,लैंगिक
रीलीप,बचाये
रीलीप,नानकी
गीऴू,खोला
रॏलॏलॏलॏलील,एक्जीक्यूटिव
रॏलॏलॏलील,ज्ञानकुमार
रीलील,फेल्टन
रीली,थोमस
रीलीप,शासून
रीलॏलीप,आकाशीय
गीऴू,बरी
रीली,भीतर
रॏलॏलॏलॏलॏलॏलॏलॏलील,प्रभुत्वमहिलाओं
रीलॏलीप,निंबलन
रीलॏली,रनर
गीऴी,स्कूप
रॏलॏलॏलॏलॏलील,साक्ष्यपरक
रीलॏलील,प्रभास
रॏलॏलॏलॏलॏलॏली,आहारासंदर्भात
रीलॏलील,विक्टोरिया
रॏलॏलॏलील,तिरस्कृत
रॏलॏलॏलॏलॏलील,आश्चर्यजनक
गीऴू,मीजी
रीलीप,आयोनाइज
गीऴू,हसीन
रीलीली,जंजीरा
रीलीली,गोयरों
गीली,जेरोब
रॏलॏलॏलॏलील,ट्रांस्क्राइब
रीलॏली,फंतासी
रीलीली,जीवनों
गीऴी,दुख
रीली,गोविना
गीली,हर्षा
रीलॏलील,हॉस्टपीटल
गीली,फैजी
रीलील,दशहरा
रुलॏलीली,सिस्टिमने
रॏलॏलॏलील,आह्रवाहन
रॏलॏलॏलीली,छायाकार
रॏलॏलॏलीप,मडियाहूं
रॏलॏलॏलील,सहजभाषा
रीलॏलील,जलांजलि
गीऴ,लॉट
रॏलॏलॏलॏली,चन्द्रकसी
गीऴी,दामों
रीलॏली,गार्डनर
रॏलॏलॏलीली,चकलेश्वर
गीऴी,गहिये
रीलॏलील,कुरकुरा
रीलॏलीली,महाभारत
गीऴ,कोल
रॏलॏलॏलॏलॏलॏली,सांप्रदायिकता
रॏलॏलॏलॏली,रफिदियास
रीलीली,चटर्जी
रॏलॏलॏलॏलील,ग्रेकुलिडी
रॏलॏलॏलील,वृत्तियों
रॏलॏलॏलीप,तपस्विनी
गीऴू,जूडी
रॏलॏलॏलॏलीप,रिफिटमेंट
रीलॏली,हनुवंत
रीलॏलील,दर्शाई
रीलॏलील,अभिकारी
रीलॏलील,शुचिमय
रॏलॏलॏलॏलील,प्रोस्पेक्टस
रॏलॏलॏलीप,इंट्रिपिड
रॏलॏलॏलीली,निखरता
रीलॏलीप,जंजीरों
गीऴी,हत्था
रीलॏलीली,बेहवलपुर
रॏलॏलॏलॏलॏलील,सितारवादकों
गीली,क्वांर
रीलीप,दौलत
गी,गेस
गीऴू,बनी
गीऴ,डीईओ
रीलॏलीप,घूमाने
रीलॏलील,वशीमुल
गीलू,कर्ट
रॏलॏलॏलॏलील,महेशमरवा
रॏलॏलॏलॏलॏलील,गोरियारीबागी
रॏलॏलॏलॏलॏलॏली,राष्ट्रीयकृत
रीलील,थ्रस्ट
रीलीप,थामने
रॏलॏलॏलीली,मोहिनीतारा
रीलॏली,पेटीकोट
गीलू,रॉयस
गीऴी,डबोक
रीलीली,जेंडाया
रीलीली,भयातुर
रॏलॏलॏलॏलॏली,क्षयरोगाचा
रॏलॏलॏलॏली,धुंआधार
रीलॏलीली,महिपात्री
रीली,दामन
गीऴू,पकी
रॏलॏलॏलॏलीप,मसुदनपुर
रॏलॏलॏलॏलॏली,टिडर्डियां
रॏलॏलॏलॏली,मूलमंत्र
रीलॏलीप,कमतौल
रीलीली,नवदेश
रीलीली,डॉक्साइट
रीलील,नर्गिस
गीलीप,दलेल
गीली,कुर्सी
गीऴी,स्वां
गीऴू,राग
गीली,अनीति
रॏलॏलॏलॏलॏली,भैरूँलाल
गीऴी,एचएमएफसीएल
रीलीप,मेंथा
रीलॏलील,हजरतबल
गीऴू,हवास
रॏलॏलॏलॏली,प्रप्रोजल
रीलीली,कैलोरी
रीलीप,अग्रता
रॏलॏलॏलॏलॏलॏलॏलॏलॏली,सर्वशक्तिस्वरूपा
रीलीली,ऋषभ
रॏलॏलॏलॏलीप,सीतारमैया
रीलीली,घुडखर
रॏलॏलॏलील,पख़्तूनखा
गीली,ज्वारे
रॏलॏलॏलॏलॏली,दुर्घटनाओं
रीलीली,तेशिमा
रॏलॏलॏलीप,धमकीच्या
गीऴ,होता
रीलील,फेफड़े
गीऴ,दन
रीलील,खराश
रीली,उजड़ने
गीली,मेगान
गीऴ,अगप
रॏलॏलॏलॏलॏलील,नरकदर्शन
रीलॏलीली,आशंकाओं
रॏलॏलॏलॏलीप,तीरंदाजी
गीली,लिंडो
रीलॏलील,नीतिगत
रीलील,अरंडी
गीली,अरंडी
गीऴी,भनक
रीलॏली,शकीलुर
रीलॏलीप,न्यूयार्प
रीलॏलील,छज्जोवाल
रीलॏलील,द्वादशी
रीलीप,घूमाने
रीलॏली,मैमून
रीलील,चोरियों
रीलीप,सिवाना
रीलीली,श्रावण
गी,इट
गीऴू,उमस
गीऴू,कहें
रीलील,इनडोअर
रॏलॏलॏलीप,एट्रेसिया
रीली,काट्जू
गीऴी,अंजाम
ग्लू,रोप
गीऴी,सकल
रीली,मशद
रीलील,मारवाट
रीलील,राकेश
रीलीप,केलांग
रॏलॏलॏलॏली,सादुलसिंह
गीली,ऋर्षि
रीलील,कैन्हें
रॏलॏलॏलीप,बदकिस्मत
गी,आरई
रॏलॏलॏलॏलीप,उपदेशकों
गी,आऊ
रीली,जोडते
रॏलॏलॏलॏलीप,विचारणार
रॏलॏलॏलीप,अनुसरण
गीलू,कर्ट
रीलॏलीप,तालाबंद
गीली,डोजर
रॏलॏलॏलॏलॏली,सीतारमैया
रीलॏलील,मैकेराना
रॏलॏलॏलॏली,करोलबाग
रीलॏलीप,लक्षमण
गी,एड
रीलीप,ऐक्टर्स
रीलील,स्वपना
रॏलॏलॏलीप,वैद्यराज
गीऴू,छिड़
रीलील,जार्ज
रॏलॏलॏलील,चेयरवुमेन
गीली,केउटों
रीलीप,जैनंद
रीलीप,जताने
रॏलॏलॏलॏलीप,चकलेश्वर
रीलीली,कथेचा
रॏलॏलॏलॏलॏली,पब्लिकेशन
रीलॏलील,जाड़ीवाल
रॏलॏलॏलॏलीप,चुनौतियों
ग्लू,एससीओएस
रीलीली,लटकाया
रीलॏली,विनेगर
गीली,पकते
रीलील,जयदीप
गीऴू,टिकी
रॏलॏलॏलॏलॏली,सांप्रदायिक
गीऴी,सोमन
रॏलॏलॏलॏलीप,संगनकालीन
रॏलॏलॏलील,खर्चीली
रीलील,छपरे
रीलॏलीप,आधिपत्य
रीलीली,तराशने
रॏलॏलॏलॏली,सचूनाएं
रीलीप,गाइडेड
रीलील,ऑकलैंड
रीलीली,ढूंढा
रीलॏलीप,स्वामियो
रीलॏलील,उल्लेखित
गीऴी,कालिस
रीलील,जुखाड़ी
गीली,डाबर
रीलॏलीप,सीखला
रीली,रोनिन
रीलीप,अनिलोस
रीलॏली,रईसानी
रीलीली,खराश
गी,डु
रीलील,प्रेमजी
रीलीली,ज्ञानदेव
रॏलॏलॏलीप,कनेक्टर
गीऴी,मूलं
रीलॏलील,परिकल्प
रॏलॏलॏलील,कार्यकर्ता
रॏलॏलॏलीप,नैराश्य
रुलॏलील,सिटिजेंस
रीलॏलील,बोरखेड़ा
रीलील,सिवरेज
रीलॏलीली,सुलझाया
रीलॏलीली,हुलफुल्ला
रीलॏली,कंदमूल
रीलीप,लिखने
गीली,रूची
रॏलॏलॏलील,ग्लेशियरों
रॏलॏलॏलील,संक्रांति
गीली,सुफल
गीऴी,जयते
रॏलॏलॏलॏलॏलॏलॏली,त्रिम्बाकेश्वर
रीलीली,लाइलाज
रीलीली,ग्यारह
रीलीली,दुकानें
रीलॏलील,एट्रेसिया
रीलीली,मुसम्मी
गीली,मारते
रीलील,पल्सर
रॏलॏलॏलॏली,श्वेतवाराह
गी,एसजी
गीऴू,बनो
गीली,बर्रे
रीलीप,मांगें
रीलीली,पूवाह्न
रॏलॏलॏलॏलॏली,सदाशिवराव
रॏलॏलॏलॏलीप,परजीवियों
रॏलॏलॏलॏलॏलॏली,टेस्टोस्टेरॉन
रीलील,बालाएं
रॏलॏलॏलॏलॏलीप,व्यवस्थापक
गीली,मैत्रा
रीलीली,रिटायर
रीलीप,डोनेश
गीऴ,बागा
रॏलॏलॏलॏलॏलॏलॏली,धर्मप्रसारकों
रीलीली,कमतौल
रॏलॏलॏलीली,सप्तशति
रॏलॏलॏली,बेरेनसन
रॏलॏलॏलॏलील,महाविद्याओं
रीलीली,हमकालीन
रीलॏलील,दरियापुर
गीऴी,मूड्स
रीलीली,सतनाम
रीलॏली,बिरजिया
रीलॏलील,बकरीदन
गीऴी,अटकी
रीलीप,दिलायी
रीलीली,चकचका
रीलॏलीप,पिग्मिस
रीलीली,लगाकर
रीलीली,निखार
रॏलॏलॏलॏलीप,स्थायनीय
रीली,शमून
रीलॏलील,वंचित
रीलीली,कागज़ों
गीली,क्रुक
रॏलॏलॏलॏलॏली,सहपाठिनें
गीऴ,जाओ
रीलीप,वैदेही
रीलीप,ग्यारह
रॏलॏलॏलॏली,उपदेशकों
गीऴी,बलात
रॏलॏलॏलॏलीप,औषधांचा
रीलॏलीली,माण्डले
रीलॏलीप,सुरेंरा
ग्ऴू,ईईएसएल
रीलॏली,सीतापुर
गीऴी,चारु
रॏलॏलॏलॏलील,ब्रह्मभावना
रीलील,स्खलित
रॏलॏलॏलॏलीप,मंगोलियन
रीलीप,मैगलेव
रॏलॏलॏलॏलॏली,तनमनसिंह
गीली,स्लीप
गीली,डिकेन
रीलॏली,नजरिए
गीऴ,डीपीएफ
रॏलॏलॏलीप,जॉगरसन
गीऴी,सीओबीएएस
गीली,मरण
रीलॏलील,दिनाजपुर
रीलॏलीली,बिखरने
रीलॏलीप,निन्दाओं
गीली,प्रिस्ट
गीऴू,राख
रॏलॏलॏलीली,इनुकुर्ती
गीऴ,टीवीएस
गीऴू,वैर
रॏलॏलॏलील,जगदीसन
रीलील,जटिलत
गीऴी,हरसी
गीऴ,नू
रॏलॏलॏलीप,नगरनाका
रॏलॏलॏलीली,मिचलाने
रीलील,जलगांव
रॏलॏलॏलॏलीप,झुंझलाहट
रॏलॏलॏलॏलॏलीप,नरिन्दरवीर
रॏलॏलॏलील,डेलगुडाइस
रॏलॏलॏलॏलॏलॏलॏली,विश्लेषणात्मक
रीलीप,पीपाजी
रीलॏलीली,बाढ़गाँव
रीलील,बगीचा
गीली,केडर
रीलील,मुंगेर
रीलील,क्षमादान
गीऴू,नीत
रॏलॏलॏलीली,गार्डभैया
गीऴ,आल
रीलीली,कैरोलिन
गीऴू,भेजे
रीलॏलील,स्थानाचे
रॏलॏलॏलॏली,वेडनसडे
रीलील,क्लीमोव
रीलॏलील,लानेवाले
गीली,तकली
रीलीली,विविधा
रॏलॏलॏलॏली,सयाजीराव
रीलीप,तनुजी
रीलीली,वालेकुम
रीलीली,देवेभि
रीलीप,मकबूल
रॏलॏलॏलीली,श्यामापति
रीलॏलीली,गडांच्या
रीलीप,सेलीना
रीली,पायथन
रीलील,परलोक
गीली,शक्की
रीलीप,नेशन
रीलील,स्त्रोत्र
रीलील,योधाओ
रॏलॏलॏलॏलॏलॏलील,निरक्षरता
रीलॏलीप,सुखशाल
रीलील,नेमसेक
रीलॏलीप,कोइलवर
रॏलॏलॏलॏलॏलॏलॏलॏली,कोलेबिराकोलेबिरा
गीली,गुजरा
रीलीप,मुकेश
गीऴी,हाथवे
गीऴ,पद
रीलॏलील,जट्रोफा
रीलॏलील,कोषांतर
रीलॏलीप,रूमर्स
रीलॏलीप,मसाकाजा
रीलॏलील,बरेली
रॏलॏलॏलॏलीली,अव्यावहारिक
रीलीली,फैलाएं
रीलॏलीली,उंटवालिया
गीऴी,अमोद
रीलीप,अंगकोर
रॏलॏलॏलॏलील,लायकोपोडियम
रीलॏली,सिमरिया
रीलील,करीम
गीऴू,ग्रैन
रॏलॏलॏलॏलॏली,जैनग्रंथों
रॏलॏलॏलॏलील,तिरस्कृत
रॏलॏलॏलॏलॏलॏलील,क्लासीफिकेशन
गीऴ,पीजीआई
रॏलॏलॏलॏलॏलीप,ट्रोलिंगचा
रीलील,देवदार
रीलीप,कोमिका
रीलॏली,गौरपुर
रीलॏलीली,कलैवानी
गीऴ,अशा
रीलॏलील,कहलाएगी
रॏलॏलॏलॏली,देमित्रियस
रीलॏली,प्लेयरों
रीलील,रफीक
रीलॏलीप,इकबालिया
रीलील,स्ट्रोक
गीऴू,चुभ
रॏलॏलॏलॏलॏलॏलॏलॏलॏली,पुनर्लक्ष्यीकरण
गीलू,रेट्स
रॏलॏलॏलॏलॏलॏली,अवस्थांतरण
रीली,सनी
गीऴी,रीड
रीलॏलील,छवियां
रीलॏलील,दफ़्तरों
रीलील,जीवनों
गीऴी,पल्ला
गीऴू,भार
रीली,जुडास
रॏलॏलॏलील,नासिकवाला
गीऴी,ढाणी
रॏलॏलॏलॏलीप,अहस्तांतरीण
रीलॏली,चढ़ैया
रीलॏलील,रेंगकर
रॏलॏलॏलीली,तीरंदाजी
गीली,भाकरी
रीलीली,लीडर्स
गीली,गोरों
रीलीप,लहंगा
रीलॏलीप,गंगाबाई
रीलॏलीली,चायवाला
रीलील,गोरों
गीली,कुतुब
रॏलॏलॏलॏलीप,मिलजुलकर
रीलीप,डोजर
रॏलॏलॏलील,संस्कारो
गीऴ,पापा
रीलॏलीप,बुलाइये
गीऴी,जिनके
गीऴ,नॉर
रॏलॏलॏलॏलीप,बिठाएगें
गीली,गिंजा
रीलीली,पिलाकर
रॏलॏलॏलॏलीप,कुंतलपुरी
गीऴ,एससीजी
रीलीप,बचता
गीली,नॉर
गीऴी,हाईटेक
रीलीप,जागृत
रीलॏली,झम्पेरी
रीलॏलीप,लुभावने
गीऴी,हब्शी
रॏलॏलॏलॏलॏली,ग्लिसराइज़िन
रॏलॏलॏलीप,भैयादूज
रीलीली,पराजय
रीलीप,पंक्ति
रॏलॏलॏली,सम्मीपुर
गीऴू,उलट
रॏलॏलॏलीप,निषादराज
गी,धू
गीऴी,आसानी
रीलॏली,कोशिकीय
रीलॏली,चंद्रमा
गीऴी,जोडते
रॏलॏलॏलील,चौदहगामा
रीलीली,तरसते
रॏलॏलॏलीप,रेनडियर
रॏलॏलॏलॏलॏली,स्केंटलबरी
रॏलॏलॏलीली,ऊषाचरण
रॏलॏलॏलील,खानापूर्ति
गीली,फैरी
गीऴ,डीडीटी
रीलॏलील,जेहादवादी
गीऴ,रैट
रॏलॏलॏलॏलील,ट्रांसमीडिया
रीली,अंधेर
गीली,अंककी
रीलीली,दौड़ाने
रीली,डालती
रीलॏलीप,जननेता
रॏलॏलॏलीली,मेनिकिकोव
रॏलॏलॏलॏली,रामकुमारी
गीऴ,बीएसएल
रॏलॏलॏलील,अर्थतंत्र
रॏलॏलॏलॏलॏलील,तीरथसिंह
रीलीप,बुद्धि
रीलीप,अकुंश
रॏलॏलॏलीली,राजागढ़
रीलील,आडंबर
गीऴी,छुपे
गीऴू,फेम
रॏलॏलॏलॏलॏलॏलॏलॏलील,विधानपरिषदेचा
रॏलॏलॏलील,मिश्रीलाल
रीलील,युग्मों
रीलॏलीली,मुसकाके
ग्ली,मूली
रीलील,धारकों
रीलॏलीप,सिनसिनी
रीलीप,मोनीवा
गीऴी,पॉवेल
गीऴी,ऑडियो
गीऴी,नाची
रीलीप,एस्थर
रीलॏलीली,लुभावने
रीऴी,जिम्मा
रॏलॏलॏलॏलॏलॏलील,प्रेक्षणशाला
रीलॏलीप,प्रोटोनो
रॏलॏलॏलॏली,व्यवधानों
रॏलॏलॏलॏलीप,मिलीभगत
रॏलॏलॏलॏलॏली,महाश्मशान
रॏलॏलॏलीप,संयोजकता
रीलीप,नसीबा
रॏलॏलॏलीली,ओमकारानंद
रॏलॏलॏलॏलीप,डायनासोरों
गीऴी,ड़बे
रॏलॏलॏलॏलीप,सदाशिवराव
गीऴी,मजन
गीली,किरण
रीलीप,स्तनों
रीलॏलील,शैमरॉक
रीलॏलीप,अनुसरण
रीलीप,अधिमास
रीलीली,एंटोनिया
रॏलॏलॏलॏलीप,चौकामधून
रीलॏली,माधवल
रीलॏलील,रोबर्टा
रीलीप,अनसुने
रीलॏलीली,गंगाबाई
रीलॏली,चोरपानी
गीली,लेनिन
रॏलॏलॏलॏली,दुग्धनेति
रीलॏलीली,फरिश्ते
रॏलॏलॏलॏलीप,विद्यापतिक
रीली,जागने
रीलीप,फडोना
रीलीली,वधेयक
रीलीप,टायलेट
रॏलॏलॏलॏलील,प्रक्रियाओं
रॏलॏलॏलॏलील,भूसंचलन
रॏलॏलॏलॏलीप,अनुभवहीन
रीलॏलीप,दुधिया
रीलॏलील,कर्नाटक
रीलॏलील,व्यग्रता
रीलीप,क्लासी
गीली,सूतक
गीली,रेजर
रीलॏलीप,लछुमन
गीऴू,बोला
रीलीली,पहलगाम
रीलॏलीली,सुलतानों
गीऴी,कांटो
रीलॏलीप,नजरिये
रॏलॏलॏलीली,फेलोपिन
रीलॏली,मरांडी
रीलॏली,क्रोमेट
रॏलॏलॏलील,सर्वोदय
रॏलॏलॏलॏलॏलॏलील,भविष्यवाणियों
रीलॏलीप,एसेम्ब्ली
गीली,सुगम
रीलॏलीप,सूचकों
रीलॏलीप,नामांकन
रीलील,प्रीस्ट
रीली,जितने
रॏलॏलॏलील,नेत्रहीन
रीलील,रोनाल्ड
रीलीप,लड़कर
रीलॏलीप,पहनाना
रॏलॏलॏलॏलीप,आशीर्वचन
रीलील,क्रूज़र
गीऴू,एमएचआरडी
रीलॏलीप,नवबहार
रीलॏलील,हैलोवीन
गीऴी,कालका
गीऴू,कूटा
गीली,अरसे
रीली,विहसित
रीलीली,सईदिया
रीलॏलील,थैलियों
रीलीप,अन्यायी
रीलॏलील,राशनिंग
रॏलॏलॏलॏलीप,जबरदस्तर
रीलील,मसूरी
रीलील,अकीला
गीली,फरार
रीलॏलील,परांशु
रॏलॏलॏलील,रोमांचित
रॏलॏलॏलॏलील,एकाम्रेश्वर
रॏलॏलॏलील,ब्ल्यूटूथ
रॏलॏलॏलीप,गोविंद्राम
